id,message
30001.opus,8О75ИЖБ9
30002.opus,5Щ 7 2
30003.opus,8ФП9Ь
30004.opus,КЯЖ9У0О3
30005.opus,7ЭЩ32Ь
30006.opus,8ЯЖАВАФА
30007.opus,8Щ5Г 284
30008.opus,Н7179В6Ч
30009.opus,О75ПЭЙ
30010.opus,РЗ 7946Ж
30011.opus,7А ПОЧ7
30012.opus,8ЪБЯИ7 7
30013.opus,ЗФ6 6П
30014.opus,54Р3Ю 
30015.opus,АУШ7Р9ЮЬЗ
30016.opus,1ХЧ71
30017.opus,ЕЯЭ З04Ь
30018.opus,АЩФ4ЗУКЩ
30019.opus,Х52ЬГ7Х
30020.opus,54АТЗЭЮВ6
30021.opus,7 #8
30022.opus,П8ЩТ9МЧ
30023.opus,Л АЩХ7РЭД1
30024.opus,592В0#Р5
30025.opus,8Ф48
30026.opus,5Ч82Б0Т
30027.opus,С7Т4УТ6
30028.opus,88ЮГЮ#0
30029.opus,ЯА83З4
30030.opus,20З73П
30031.opus,ЛХГАЗ1Ч
30032.opus,ИЯ5З73И7
30033.opus,ЩЩЩ6Ч2
30034.opus,АЬ67ШИ77
30035.opus,ЖН3 ГБЫД
30036.opus,10Б7Б
30037.opus,ЗЩЩ 6545З
30038.opus,З16 07Ю
30039.opus,75Л2
30040.opus,739ЮЩ
30041.opus,8269ПТ6Ф4
30042.opus,ЙЦ74ЫН
30043.opus,ЮГ5АД8Х3УХ
30044.opus,ЕТШИЗЬЗЕ7
30045.opus,Л Ъ9Ж10Ц
30046.opus,8ЦЗЩТ02
30047.opus,7Я422Х
30048.opus,5 7Е ИЗ
30049.opus,ШЦЖШ8ЗСХЮ
30050.opus,09АРФЭ5Ь К
30051.opus,ЫЯК0С2
30052.opus,ХШ Ю# З
30053.opus,58ДТ 4Д37
30054.opus,ЗЛ0ЗЮТ С6Щ
30055.opus,947ДЯ82
30056.opus,7ЭРЛ0Ш1КО
30057.opus,6ХЮ2
30058.opus,ЖЬ42ЖЫИ
30059.opus,4СЪЗ Л3Ю
30060.opus,0ЯЮ0ЮШЪ
30061.opus,Н7Ь#Э9ИГ
30062.opus,Л8ЭЕШПЮ
30063.opus,0ЩЧ938
30064.opus,7ТА29
30065.opus,ЯЯШ0 Ц2
30066.opus,АШИЧ8 ЯХФ
30067.opus,59ЬНЧДЬ
30068.opus,ХЗЩ8 З2
30069.opus,О911ОЪЯ
30070.opus,Л3Щ 768
30071.opus,3 И9ЪТ7
30072.opus,ЬЮЯШЛЧФ7
30073.opus,9Б9ЪФШ
30074.opus,ТШНЮ6ХЛ3 ЦЗ
30075.opus,5Щ7ЖАЫ
30076.opus,7 Ы 77 7
30077.opus,ЮЩЗ0ЪРТ
30078.opus,7ЯМЭГ3
30079.opus,А Й78
30080.opus,56Ч7СЙС0КМ
30081.opus,Л2ДЪ0ЗЭ
30082.opus,ЗЖБ З708Р
30083.opus,ЗИЭ8Л8СЧ
30084.opus,05З3ЙО
30085.opus,НПК22АЧ
30086.opus,О5Г8ЗД9
30087.opus,Л20ДМША
30088.opus,7 78З49
30089.opus,НШМ089
30090.opus,73ОШО Э А
30091.opus,УГУ4#9
30092.opus,Н АЧВЗЩ0И
30093.opus,8Т#5
30094.opus,Р Ь6 Б#Б
30095.opus,НШ9 Ш
30096.opus,583Д9З6
30097.opus,ТЧХС3ЦШ3
30098.opus,8ЛЩ8ШШО
30099.opus,5ГУ93ЛЧ9
30100.opus,929Ю 7Г
30101.opus,РЭЧЩ6ЗЪ
30102.opus,5 Щ  93ИЛ
30103.opus,ЕЬА 59
30104.opus,8Ф67О
30105.opus,ХА0Ь 8Б6
30106.opus,0767
30107.opus,ЧДЛ2ЧЙГЩ3
30108.opus,О772Ц5ФУ
30109.opus,8И Ж ЪЭЗ
30110.opus,С 9 АЩШ
30111.opus,95292 7ЪА
30112.opus,8776А0ФЩЗ
30113.opus,89ЩЙЖ
30114.opus,ЗЭЗ1ВЩ6З
30115.opus,19ГКБЩ8
30116.opus,Щ6# МРЧ
30117.opus,Е67Е2 8ЗЭ
30118.opus,59Ц8Ъ
30119.opus,Л2Д3#Ш 0Ь
30120.opus,958
30121.opus,85ЗЪСЪЭ2
30122.opus,ЬЩ67ХИ7Ю
30123.opus,4 Ь52 152
30124.opus,5ЧЭ5
30125.opus,63Х73ЩБ
30126.opus,#Ч5Ш05
30127.opus,ЩЬЬФ7С9
30128.opus,Е Я2Т63
30129.opus,1Э 835
30130.opus,ЫКЖ93Ь
30131.opus,5Г5Ж0З
30132.opus,ОП7Х6Т6Н
30133.opus,ЗЮ0П59У
30134.opus,5Ж Ш
30135.opus,АЪ3СТМАЬМ
30136.opus,З45ЯЯ67
30137.opus,55НЧ 8
30138.opus,16ЪЧ
30139.opus,ТК8З 7
30140.opus,2 В Э9
30141.opus,6ТШЬЯ4
30142.opus,0Н3ЮИ40С
30143.opus,8ЛЧЗ7ШТ7
30144.opus,З ЗУЪ 74 ЭЖ
30145.opus,8КЛЩ59БЛ
30146.opus,ТЖ0ХЛ3Й6Ж#
30147.opus,4Я5Г Ш7
30148.opus,8Л233#А
30149.opus,7 Я6ЭЮЗЗСУ
30150.opus,4О0Ш9Я7##Э
30151.opus,ЛЭ5Ч 7
30152.opus,3И8 ДЗП 8
30153.opus,7570070
30154.opus,0ДЭЯЙ4
30155.opus,ФЧ7А98Э
30156.opus,ЛЬ#Ч1ЩТ
30157.opus,57739ЗЬФ
30158.opus,ЙХ18З
30159.opus,585А9АХ
30160.opus,6 2Щ9 Ы
30161.opus,236Ж 52
30162.opus,8ЪЧД#ЮЮ
30163.opus,АФК20
30164.opus,87Ч 5ЗГ6РМ
30165.opus,НЩЬД 4И7Щ
30166.opus,АК6Ъ748Х
30167.opus,10И МРШ
30168.opus,ММ7Ч3Ь2
30169.opus,ЗА8ШЗЭ0
30170.opus,7З2ЯСЭС
30171.opus,А#0УЫТЫ
30172.opus,8 Г 7З
30173.opus,77Г20ЕЗ
30174.opus,7Ы6ДЛ87
30175.opus,80Т8Ш2ГО
30176.opus,НЭ9П2П1
30177.opus,9 813 83
30178.opus,ТЫ3ФА9ЩТЗ
30179.opus,8 ЫЭЗ6
30180.opus,82376О
30181.opus,53ЧЭЫЩ
30182.opus,З5У49ЭД0Т
30183.opus,НПШ879
30184.opus,Ы7ЧВ9
30185.opus,4З46 ПЖЭ2
30186.opus,Д#2 0Э
30187.opus,ЗДТИЦ6ТИЗ
30188.opus,Ф5Т0РАО
30189.opus,16ШШ72Щ
30190.opus,Ь ЬСЩ Л7З
30191.opus,Н4ВБМ#42Д
30192.opus,7Н 7350ЬА
30193.opus,О7П7Ш7А
30194.opus,7078Э0
30195.opus,ЙЩЮБШ
30196.opus,ЛВЩ6#46
30197.opus,5ШЪ 524
30198.opus,Д502ЦЗЙ3
30199.opus,СЩ5ЯЮ
30200.opus,Ц7Л3УБ 73
30201.opus,4#27Т9
30202.opus,1ИЩШМЧТ
30203.opus,895 ГИЛЭ9
30204.opus,А0 УШ71
30205.opus,АО3Ю3
30206.opus,#ЮЯ 605#
30207.opus,4ЭШОЧЗШ
30208.opus,Н707Ч7
30209.opus,ШЮФЛНШ7
30210.opus,74Т3З8МУА
30211.opus,РШ3Ж ХЭ3
30212.opus,Д983Ъ
30213.opus,9С3ММ
30214.opus,9 6МЛ0Х
30215.opus,Е 9ФХГБ0
30216.opus,4Ъ3ШЗШ
30217.opus,9782ШТ
30218.opus,Ц176ЯЖЬЫ
30219.opus,5Я0#ОЖ7Ф
30220.opus,5 2ЫК
30221.opus,4ДРЖ ЧЧ
30222.opus,АКЮ0 ВЩ
30223.opus,ЬЪ0Э6Ц
30224.opus,7ДЪ97
30225.opus,АЮ42#
30226.opus,Т 50АЩТ658
30227.opus,ТШ7Ш403
30228.opus,ОГ2ЮЫ8
30229.opus,7Ч7563И
30230.opus,А2Д 482
30231.opus,Ш Ч6Е71 0
30232.opus,795ФЧАЛ
30233.opus,4И735З2Ш
30234.opus,3БТ0Я8ИЧ
30235.opus,4ЦРП
30236.opus,8Б9Ю ЭГ8
30237.opus,Н6ИЫМПО
30238.opus,ЗЮ493Д
30239.opus,#Ш066ЛЭЪХ
30240.opus,О3Ф2Ш7
30241.opus,Ь ЗФС9С9
30242.opus,8ЬТ Л
30243.opus,3С ШЩ6ОГ
30244.opus,ЕЬЗ 8Ю0
30245.opus,Я7УЪК9
30246.opus,77ЯС7С5
30247.opus,Л9ПР МЮЗЕЩП
30248.opus,8Ш2ХЖ2ЯБ
30249.opus,ГУЪЛ22
30250.opus,Н8Б66Ш62
30251.opus,9ЛВ8Я09
30252.opus,7 А О9 Е
30253.opus,7ЧЫЗ22
30254.opus,Д Е9З875
30255.opus,Ц0Я7А9Й А
30256.opus,8С85 6Щ5
30257.opus,7780УА
30258.opus,7Ч549Э
30259.opus,2ПЗ2Ж6
30260.opus,ДЛ 0Л23Л
30261.opus,О7ПЖЛ7Щ
30262.opus,1 ЗУШР #
30263.opus,4ШК9М
30264.opus,8ИДХ0#З7Ю7
30265.opus,ГХЯ370
30266.opus,8ЧЦ9Г4Ю
30267.opus,М 8ЛЩЗ
30268.opus,ЗШ6Ъ ГПХ
30269.opus,7ЭЫ2Х 0
30270.opus,8ШЯ92
30271.opus,1ШЪЩ#
30272.opus,0Ч283
30273.opus,8З3Ш6Й Ш
30274.opus,РЛ#ТК6В5
30275.opus,0ПУ369О
30276.opus,ЬЖ8
30277.opus,2 60И7
30278.opus,972ЬИА
30279.opus,НИ7А
30280.opus,077АДЩШ
30281.opus,68167ЮА
30282.opus,Ь0#0Л
30283.opus,Ь9Б5ЗГ
30284.opus,ХЩЮЮЩШ
30285.opus,Ъ8450
30286.opus,#79ЛВЮ
30287.opus,ЬЧ2 Д1ЗЮ
30288.opus,09799
30289.opus,8826Ч2
30290.opus,#0ЖА02А 
30291.opus,ЬЫ6Н4Ш4Ь
30292.opus,Е7З1Д2Ь
30293.opus,9ЮГ 4
30294.opus,3ЖЛЪ 5
30295.opus,78Х6Я
30296.opus,НЛ18Ъ 6Г
30297.opus,ОШЛ7АНЮ 2
30298.opus,49ЭРАЩР
30299.opus,Р 3Э5Ш5ХЪУ
30300.opus,6ЩИ76 76
30301.opus,Н281СЦЙ
30302.opus,03#771
30303.opus,О27ЯХЗ7
30304.opus,7ЙХП2ЫВ
30305.opus,НАЩ0Щ6
30306.opus,Н47КЧЛЧ
30307.opus,Щ7ЫКЩ7Г
30308.opus,8 МЬВ7П2
30309.opus,А9Й1КС
30310.opus,ТШДТ8ЗЛ
30311.opus,6АСЭ9ЯШЧГ
30312.opus,ЩОИПЮ9Щ
30313.opus,ЦЭ9 7И8
30314.opus,З6Ь00ХОШ
30315.opus,79ДАЩ6Ъ
30316.opus,З0ЬН 5Т
30317.opus,ХВЩН 6Ь
30318.opus,5ЗЯБЮЯ6
30319.opus,9ЗЩГ1ЬЗ
30320.opus,ЗЛ76Ж
30321.opus,0Ч6Щ#9
30322.opus,ФХ Ч3ПЮЬ
30323.opus,Ц6Ъ82Б0
30324.opus,50ФИЬР7
30325.opus,З04СВТ6
30326.opus,ГЛЖДЧРФЩЯ
30327.opus,САЧЫ 2Л
30328.opus,Л ЩХЩКБ Ш
30329.opus,А0З7#
30330.opus,4ТЦСЗЧЗ5Я
30331.opus,ЫЬЬЛ ЙО
30332.opus,2ДЦЯШШЗ7
30333.opus,Н125ЧША7
30334.opus,Й0061ВЖГ3
30335.opus,89РЯЖЫ75
30336.opus,РБ 9ЙЧШ
30337.opus,4Щ4Щ0
30338.opus,Ь4 7 Ц Ю
30339.opus,ЮЯ КО1
30340.opus,ЪЦСЦ724ТЦА
30341.opus,3Ч А#ПЭ7Ф
30342.opus,ЕХЙ9 1
30343.opus,ЗЗИЩ06Х
30344.opus,ЬЫШ6ЯК6
30345.opus,ЖЧРЗК#4
30346.opus,ДБ7ЮЪ0
30347.opus,50ДЗШ63
30348.opus,1А7ЬЧ 5
30349.opus,ЖЦ58Э Щ7
30350.opus,Й6Ж Е77
30351.opus,3Ы2ФЖ
30352.opus,Л7Э СЬ Л
30353.opus,Й 2ТД5ЧЭ
30354.opus,7ЧВ9П
30355.opus,Ж7ЫЧ7А
30356.opus,97Ю3З З
30357.opus,Т0З5 5ШР
30358.opus,Л Ф3ЧЮДЗП
30359.opus,Н 8О 260#ДЭ
30360.opus,ЗКЛ38ИТ 
30361.opus,Н 9
30362.opus,Щ06Т 1Д
30363.opus,ЮЗЭ9Р ХЧ
30364.opus,12Э218
30365.opus,1А8ЗЗ
30366.opus,Н А4 180
30367.opus,78Ш 74
30368.opus,Г Б3 8ЪЭ
30369.opus,08Я0ЮГ4М
30370.opus,Д2 8ЧЬЗ7
30371.opus,3 7Л709
30372.opus,52Х#8
30373.opus,ЬТЬ9К0
30374.opus,6 ЖЯЮ
30375.opus,Й# ЛЗЛЩЫА
30376.opus,19 7И6Й
30377.opus,5Й8ИА8
30378.opus,3Б2С 52Б
30379.opus,5ПЭО6Г
30380.opus,7ЭЭ6Ь 
30381.opus,8 807ПХ
30382.opus,7358ЮА8
30383.opus,З9ЬТЦ ЭП9А
30384.opus,ТЙ6707
30385.opus,Ф17Ч2
30386.opus,57526
30387.opus,В2Х2ДЮЗ6
30388.opus,5ЩТЬД1АИ7Ж
30389.opus,78 9Ф Х74
30390.opus,6РЮ0БК0
30391.opus,Н7Я53КЩ7
30392.opus,ЦЪ08 #
30393.opus,5 0К8Ш
30394.opus,З РС0ЖЩ0
30395.opus,Л51Ж#Щ2
30396.opus,0Э#4#Х
30397.opus,ЗЧЪ65ЦВ
30398.opus,ЩХАЧЖФЗЧ
30399.opus,15ГЪЕЮГ5
30400.opus,#ШЩ2
30401.opus,М6#ДС2ШСФ8
30402.opus,77ЗЗ
30403.opus,ГБ2ДЬЗ8ЛР
30404.opus,05Г7ГДЛ2Ф
30405.opus,1Н6ЧВ7Ш
30406.opus,АЯХ0А Г
30407.opus,79ЪЛ0
30408.opus,555Ф4З75Т
30409.opus,ЗЛИЦШ0Ш
30410.opus,ЗЭ8ЕЧ0ЩТ
30411.opus,1А6 6 0
30412.opus,ЮГИЧ Л7ИЦ
30413.opus,1ШПЛЮ
30414.opus,Й5ШЯИЦ1
30415.opus,ШХДХВ00Т8
30416.opus,ОБЭВЯ#40
30417.opus,#ЩШЭ ЯО6
30418.opus,Л7ГЯЩЖДЖУ#
30419.opus,З3ЖН6Щ
30420.opus,54В#4ДЗ3
30421.opus,Л80РС0УТ
30422.opus,ГБТ6Ъ1Ь#
30423.opus,5Щ7З
30424.opus,АМ5Ы9В
30425.opus,0ЗЯ235В
30426.opus,Х5Ъ4 0 М
30427.opus,ЗЯ4ДЖЪ ЖБ
30428.opus,7ШЧЪ7ЩИ
30429.opus,0ВЩЦИП2
30430.opus,Ъ8АГЧЗ Ь
30431.opus,50ВХЧ
30432.opus,Щ746ДА6ЖЗ
30433.opus,В0ЬН В03СП3
30434.opus,78ФЛИЩ8
30435.opus,06СЬЛФАЦ
30436.opus,1ИЧХПЩО62А
30437.opus,НЧЪЪД
30438.opus,Л6БЖЦШ5
30439.opus,АЫЩЗЛЩ5Г
30440.opus,0Г ЗЖ98 Ч
30441.opus,0ЩИЧВТГ Э
30442.opus,0ИЛ4746Э
30443.opus,853 39 58
30444.opus,3И08 Е73
30445.opus,АК 94ЮЩ
30446.opus,7ПЭП759
30447.opus,З0ЯЙД
30448.opus,ЗЭЖЖ9ХЩ
30449.opus,5ЯХ7
30450.opus,5 92Ъ
30451.opus,ЩНЦФ9Р#Ш
30452.opus,ЧТ#5ЮШЮ
30453.opus,6697ЧШ
30454.opus,ЗА ЬА60Ч
30455.opus,48Щ9СЧ
30456.opus,Н8Ш7Я37
30457.opus,Г3ФЮ6ЪЯ Ч
30458.opus,Щ6Ю5Й
30459.opus,573579
30460.opus,И5ЭЛЗ5З5
30461.opus,Л7Е5#К
30462.opus,0У1
30463.opus,9Э53Ю7 0З
30464.opus,Й 25ШЯЫ7
30465.opus,9ЦП29О0
30466.opus,88ВЗЛЫЗ
30467.opus,820 ШТШ
30468.opus,1ЩТ Ш
30469.opus,ДЩМ8Ч2ВЯ
30470.opus,ЗЪ3Г Р1Б9
30471.opus,А8Ъ 3ЭЮ
30472.opus,5ЧД6А7И6
30473.opus,4Я5 Т8Я
30474.opus,7Щ80 А
30475.opus,1Ф32ТЦ 
30476.opus,ЗЧ#ЖН9И0
30477.opus,Л00ЩЬ4
30478.opus,1ЕФ 8ЮБЩ
30479.opus,ЗО5Й20
30480.opus,0БЗУЧЭЙ6З
30481.opus,Л 0 765
30482.opus,Т88ЧИС9Э
30483.opus,8АЬЗ 6З
30484.opus,8ША8ЕЭАР
30485.opus,80ЪХ93
30486.opus,8257
30487.opus,З5Щ7 ЦЭУ
30488.opus,Н 52Ф5С
30489.opus,8ТБ72 З7Ш
30490.opus,Х0ЪЗЧЯ0
30491.opus,2ГФ3ЧЙИ36К
30492.opus,РГЗ Я87К
30493.opus,ТКЮ772
30494.opus,РЭЭ65 6ШДХ
30495.opus,Т# 56
30496.opus,4ФЪЗ0КС
30497.opus,АГС 7Р2Т3
30498.opus,ЬАБ511
30499.opus,162ЛД 15Я
30500.opus,С6ЯЛ07
30501.opus,О658Ъ5
30502.opus,36ОРЧАО
30503.opus,75МБЯЬ
30504.opus,ОУБ 8В9Ъ
30505.opus,2ЗЧ2Я 7Ю
30506.opus,9Ы2ХДЮВ
30507.opus,ЮЭ5С4
30508.opus,З92АЯЮ
30509.opus,59ЧК 4Ю2
30510.opus,ЗН9 З1ТЩЬМ
30511.opus,7ЖАЕ6
30512.opus,ДЭУ9810
30513.opus,ЕЧСЧГ6АЧ
30514.opus,4 4ТЭЮШ9
30515.opus,#Я Э957
30516.opus,7793 В
30517.opus,82 ЧЧЮИ
30518.opus,4ЪЧЯЩИЕЩ
30519.opus,ЩФЩ56 ВЬ
30520.opus,РИБ2952
30521.opus,8ФЖ0Ж Л46
30522.opus,Ь5ИЬШ75
30523.opus,ОЦБ#0Щ2
30524.opus,1Б0ЧЭ5Ш6
30525.opus,Н72ФХ #Й
30526.opus,УЬ6Я6ЩЬ6
30527.opus,СЭФ5 ЧК 9
30528.opus,ЗУЬЩИ9ГК
30529.opus,4АДС02924
30530.opus,6058ГЗФ
30531.opus,17Ж 4ЗГУ
30532.opus,ЬЧГС1 КЧЪ
30533.opus,2Ш7Э6Г5АО
30534.opus,54 Л8 5
30535.opus,З609Э6
30536.opus,5ХЩ6ГЕ5 2Х
30537.opus,ЗЮС67Я54К
30538.opus,Р ГШСШ2Б
30539.opus,РЭХФ3ЮЫ
30540.opus,8ЯЗ9Щ5Я
30541.opus,81Ч#3МЕ 7
30542.opus,2ШС3 63ХФ
30543.opus,9ФЪР650#А
30544.opus,Л8ЗШ7ВШ
30545.opus,ЗЮ М34 2
30546.opus,ТШЩТГ852
30547.opus,ТЗ8 0
30548.opus,Д8Ш0И9З
30549.opus,Н7 #
30550.opus,ЗКВИЦ7Ю
30551.opus,1А0#У
30552.opus,Ц4М2 0 Я
30553.opus,620Э
30554.opus,ЕХ0ФЪ
30555.opus,АЗЛ076Ц
30556.opus,ЙМЧ3Л8Х
30557.opus,ЕШ АПЬ
30558.opus,И#507
30559.opus,0Х63Т940
30560.opus,88Л3 Ь 
30561.opus,8Щ7ЮЧЩЯ
30562.opus,ФА636АЬ
30563.opus,ЧЪ0Н6Ч
30564.opus,НМ7РЛ0Щ9Я
30565.opus,НВЩИ34Я41
30566.opus,ИШ ЗИШД6Г
30567.opus,ГЬ4ГК649
30568.opus,8 7 09
30569.opus,18Э9ФП
30570.opus,Т9ЭЮ625З
30571.opus,Н Й4Х А
30572.opus,0ЫЖ 37
30573.opus,83Г22Х4
30574.opus,МВЩ7ЬБ#7
30575.opus,Н97Ь67ЩТ
30576.opus,ОИХРУМС2Х8Й
30577.opus,85Ц ГКО
30578.opus,9ЮЗХЕЭЛ
30579.opus,АЛЮ50Л1 Ю
30580.opus,53В Ъ4
30581.opus,Й4ЮИ3ЫЮБЗ
30582.opus,4АБЪЗЗ6
30583.opus,#Ы 59 73
30584.opus,5Э9ЩТ Э
30585.opus,5 6Ь 8
30586.opus,Ч ЯА858
30587.opus,Н6А0ЖЧ
30588.opus,АЪ437
30589.opus,АШ07РЧ
30590.opus,АЕ3ГИ Я7Г
30591.opus,АЩ8ШЙ
30592.opus,27И927Ч
30593.opus,775Ч6РФЫ
30594.opus,О И ЖЮС31
30595.opus,А0И 7ХЬ6
30596.opus,РБП5ЭЗАТ
30597.opus,77З 9Ж
30598.opus,ЙШВЩЗЮМ0
30599.opus,ЛЧИЙ5Р0А
30600.opus,З1Б#4Ч
30601.opus,85#ГШЭ
30602.opus,15ЩИЗЭ
30603.opus,ДЫ7З7 ХЫГ
30604.opus,ОИЮ64Т4Л
30605.opus,4ЗВКИС6З6
30606.opus,Н 5Ю7АЩАЬ
30607.opus,О66ПИЬ 7Х
30608.opus,17ЬТ Й ЗБ
30609.opus,ОЮЩЮ37Ю
30610.opus,А7 5З90
30611.opus,МК78ЛЧЩО
30612.opus,5ЮОКЩ95
30613.opus,5ПХК
30614.opus,8ХЩТЕ0АЯ
30615.opus,7 74ЗЯЧ
30616.opus,5Ю7ЛШ 52
30617.opus,Ш5КДРЛ8Ф3
30618.opus,Й6Щ2ЬА6
30619.opus,8М9 СЧЖ8Ю
30620.opus,1И5Ч7ФК
30621.opus,00ЩЛ5ГЛА
30622.opus,З8Щ98К7
30623.opus,Л2Щ506
30624.opus,ЛЭИ82Х1
30625.opus,ХЧБ Ч29
30626.opus,4Ж680ХЮ
30627.opus,539 СК6Л
30628.opus,ЩЯА63
30629.opus,Н8ЮЯ#Я
30630.opus,4И837ИШЧ
30631.opus,ЛЧШАО7ЭЛ
30632.opus,Ь7ЗЯ 33
30633.opus,ФМЬБЖ579
30634.opus,ЦИЫЗ 
30635.opus,543Т3УЗШ Й
30636.opus,НЧ3ГЕ2ХШ
30637.opus,ЗС5Ш В06
30638.opus,Т0 8ЛКТ
30639.opus,5Г93Ш
30640.opus,Н5Ш #6 #
30641.opus,14 050
30642.opus,ЗЖДЭ ГФ
30643.opus,834ЫГ3К8
30644.opus,7 9ХЖ27Х
30645.opus,ЩЩ0БГС3 В
30646.opus,З50К626
30647.opus,МЩ9ЮИ7К9
30648.opus,4ИКТЧЛ2ФИЧ
30649.opus,89ЛЗ6
30650.opus,9Г5И7З 63
30651.opus,АБАД80В
30652.opus,3З7ЧВ50
30653.opus,7Щ 0
30654.opus,7ТБА09ЪЗ
30655.opus,ПШГ8Ж8Ю
30656.opus,Щ6 6 Ш
30657.opus,#Щ80Р
30658.opus,НШЯ9#7
30659.opus,ЧА7ХМ56К5
30660.opus,1 ТШ 4 3А
30661.opus,57Щ6 86
30662.opus,ДЗУ 7 80
30663.opus,З5070 Р#
30664.opus,1#ОЪ3К
30665.opus,ДГ37И0ЬЗ
30666.opus,АТЫ7 ЗЧХ4
30667.opus,Р Ф2ТМЧ9
30668.opus,Д Щ777ЧСЭ
30669.opus,922Б2ЧЭ
30670.opus,ЗХЙ5ПСА9
30671.opus,З29207
30672.opus,5С 7ЯТШ3
30673.opus,З6В0ТИ
30674.opus,Н ЩЬ# З66
30675.opus,50#75ЗСК7
30676.opus,6 ЙФ02ЕЪ
30677.opus,А4ЗХЬК7Ю0
30678.opus,5Г5Ш2 Ч
30679.opus,89ЯЬЖ97#
30680.opus,Е3ЭЧ
30681.opus,#СШ5ГЛ
30682.opus,0#НИ80
30683.opus,РЗ 472БШ
30684.opus,00ДЗ5ЭЙ#Х
30685.opus,19ГП55ЗВЦ
30686.opus,ДЛН МШ6Ю3
30687.opus,З4ТС402
30688.opus,Н7ЯЩА0Л
30689.opus,976263
30690.opus,ОЦ8Я2
30691.opus,ЩИАТ ЫЧГ
30692.opus,1ЫЩ7Ф5
30693.opus,ТЗЗЙ2К95
30694.opus,1Ф515ЛФ
30695.opus,П07ЖА2
30696.opus,Н79ЯТПЭГ
30697.opus,1Л Ж7Ш6
30698.opus,06ЦЙЧ
30699.opus,07А0РЗБ93
30700.opus,ОЫ4 МГ1А
30701.opus,7ХЛЭЗ2Ы
30702.opus,Р79576
30703.opus,Д5ЩГЖЗ
30704.opus,4АВ0ХЙ63
30705.opus,1ЧХДПЗ75
30706.opus,4 СЗ78ЧЖ
30707.opus,8Ч9ФАЗ2
30708.opus,Ь1СЗ 7УД
30709.opus,Н7А9ЮС
30710.opus,Л1ТД О 0 Ъ
30711.opus,8Ы ЙЩ7Ю
30712.opus,РЛЭЭ324
30713.opus,46АЪ8Ы
30714.opus,4Т5Б 0
30715.opus,М0Щ3Ъ ИХ
30716.opus,Н Г0Т СШ7
30717.opus,Ф#ЯУ0М
30718.opus,8678
30719.opus,РМ0 4Ю
30720.opus,Л27Ч2Й Г
30721.opus,28ЬЪИО
30722.opus,7П74ЫФЪЭ
30723.opus,ТЩОД2К
30724.opus,Р7Э153
30725.opus,8ШР2#МЯЖТ
30726.opus,НИЗ2ЫЩИ75З
30727.opus,79 Ц8Ц8
30728.opus,Р35АЯБ7
30729.opus,Ф 8АЦБ
30730.opus,ДЧК7К
30731.opus,8ЯЧ 308
30732.opus,ТИ9ЧЪЯЙЪ
30733.opus,5Л925В
30734.opus,ЙХ4ЭЪДЖ
30735.opus,09ЮЖК7Щ7
30736.opus,82К М34ЕЯ
30737.opus,ЗЬНЧЭЧЗ18
30738.opus,Ю6ЯС781
30739.opus,Н# ЛЪЯЦ
30740.opus,ЩЮ714Ч2
30741.opus,8Х6Ч
30742.opus,ЛР1Ц1ИАЬА
30743.opus,5АР5 #Б47
30744.opus,597Ш
30745.opus,79ДЗЩЬЖ
30746.opus,АЧШК93Г
30747.opus,53Е З2Б
30748.opus,ФА П5#4 У1
30749.opus,Р0ЧЛ
30750.opus,745Я714
30751.opus,1ЖЭЮЯ
30752.opus,Н12РД5ГХ0
30753.opus,57Я85 #У
30754.opus,АЗАМУ 2 ЮХМК
30755.opus,773Б7 Г
30756.opus,7ЩЬ9Н3Ю
30757.opus,К50ШФ7
30758.opus,ЕЧ1Я8
30759.opus,4ЗМ6ДЗМ#ДЯ
30760.opus,ЗЩ А3ЮЕСА
30761.opus,О9ШНЪРУ72
30762.opus,46016Ь
30763.opus,Ц 7Щ7З92
30764.opus,9 2С2С30Щ
30765.opus,5#Ъ49
30766.opus,Г ЯЦЖ01З
30767.opus,ЗУХ#62М
30768.opus,8З3К0ЛА
30769.opus,0БС3#ЗСУ0
30770.opus,69ЙЧЖ6
30771.opus,58Р0Х2
30772.opus,7ЬТ4ЬХ17И8
30773.opus,009
30774.opus,Х#КШЗ1
30775.opus,З6ЗЭЩБЯ
30776.opus,8Ш5Г
30777.opus,А04ЧГ С7
30778.opus,ЗЗ997Я
30779.opus,З7400Ч
30780.opus,7596З6ЪЗ
30781.opus,822И3ОБЗ
30782.opus,1Б9ЧЖЗ7
30783.opus,1Ж#6ЪАН
30784.opus,0 77ЛЙЦ
30785.opus,42Г АЬ7А
30786.opus,5 ГЩНА935
30787.opus,5РВ85Х
30788.opus,8ЕЫ4З3З9
30789.opus,РП53#
30790.opus,776ХЗЛ
30791.opus,56У Ю6
30792.opus,66ЖШ6 В
30793.opus,Х5К9ЭЦЮ76
30794.opus,ЧЧ589БПС
30795.opus,17 Г #Д
30796.opus,58 Ч7Ч
30797.opus,ФЩ6К8Ч3Л
30798.opus,ЛФ0СЩЭ Т
30799.opus,Т0ЩЗЮМ6ТЩ8
30800.opus,4БШЖШ70
30801.opus,Я67Ч 2 8
30802.opus,403В68ЗР
30803.opus,РШ9ГШ
30804.opus,ЖРЭП29Ь
30805.opus,8ГЛ35Ш
30806.opus,7 720ИЮЩ
30807.opus,Х70 ЭЯ1
30808.opus,4Х7АЗТЬ
30809.opus,А05ТЧ 6
30810.opus,788ЩЗ
30811.opus,10ЕЪ69
30812.opus,ЖРДЛ8ГЖМ
30813.opus,8УСЙ7Я6
30814.opus,474 ЙТ97
30815.opus,Щ0 Щ7Ъ
30816.opus,ЗЩ7Й3
30817.opus,4 Ь 67СДО
30818.opus,Ь33ЧШ Б
30819.opus,З7ВЩ06ЬА
30820.opus,НХВИ3ДА8 83
30821.opus,1Ъ65 М
30822.opus,98ВЩБЩТ
30823.opus,8И Р
30824.opus,ТСЧ7З71
30825.opus,17ИО3
30826.opus,Ь 8517А
30827.opus,7Щ593
30828.opus,#ЛЗ205
30829.opus,7Ф РВБФ6
30830.opus,58Ш3А7З
30831.opus,З77ЪЮ
30832.opus,67#8
30833.opus,4ЭЗ 9Э
30834.opus,5УСШБ РЮ
30835.opus,Н3 6ЯЬ
30836.opus,З8ЭМ 7
30837.opus,Ж 0И4ЬА0С3
30838.opus,ЙЪИОЮ4Ш
30839.opus,8Х58ЩЮ0Ь
30840.opus,З М778
30841.opus,ЛЩ 0Ч860
30842.opus,АД0А84
30843.opus,Д Я23ЛЮСШ
30844.opus,ФЛ9 ЛИ47
30845.opus,1СЧ263ХЩ
30846.opus,ЬОШ78ЬА
30847.opus,3ШР7ЗК83
30848.opus,НШ6ЛУЩЬ
30849.opus,КЯВ87Г3
30850.opus,Л9 В0 Ь5
30851.opus,8 Л91 Ш
30852.opus,Н8 ЯА9659Я
30853.opus,ОЫИЛАР Й7
30854.opus,6Ъ79Ш6
30855.opus,4И3ЗЩ7ИЫ
30856.opus,4ЫК6Ш7
30857.opus,ЖЯ2ЦН23
30858.opus,ФАИ1ЖТ2
30859.opus,НТ060Ь#Ч
30860.opus,5ЪЯ35
30861.opus,5Ч#П4К
30862.opus,# ЗЩИШЮ
30863.opus,Ы7 Я7ОТ
30864.opus,Е ВБЭЮ
30865.opus,Ш9ДА0ХАН
30866.opus,498ЮТ0ХС
30867.opus,ЗХ5ШСЭ#К
30868.opus,7Л8ФХ8Ъ 
30869.opus,05 У Ш
30870.opus,5ЧЛХМ 7 44
30871.opus,АИ9ЮУФ73
30872.opus,ОЭ#5 89Х
30873.opus,ЗУПЛИА
30874.opus,ГФ ЗХК9Р2
30875.opus,58АЫ18
30876.opus,О7Э69Ъ
30877.opus,8Б8АД25Ж
30878.opus,ЖЬАГУ80БУ
30879.opus,7ЪШ0
30880.opus,8ЭИ3ЪЬТ5
30881.opus,7ЗЪЯЗТЗ
30882.opus,Щ6Ы96
30883.opus,НЧ ЛЭЩ6Ш
30884.opus,ЛЮТ6Ш5Ч7
30885.opus,6756ЮИ
30886.opus,ЗЗ9ФБЧЗ7
30887.opus,5Ч#ЪИ 05
30888.opus,Т2#ЧЮ
30889.opus,5Л2ЩМ0
30890.opus,Ш68Щ7 А6
30891.opus,Л0 Ч8МЭ6
30892.opus,Н6ЕЭ2ЗЗ9
30893.opus,1ЗЗ815
30894.opus,ЗЯ6Й2Д
30895.opus,55ПЖЬЖЦ4
30896.opus,ЩИЧ787 
30897.opus,З615Ш
30898.opus,002 5Щ З
30899.opus,8ТЦХУД2 8Ю
30900.opus,ЗШ5П 2
30901.opus,76Э6 С77
30902.opus,О 0 ЯД
30903.opus,Н587ЪЭЪ
30904.opus,5 НУВЦВ
30905.opus,1Ч9ХБУ4Ч
30906.opus,Ж0И4Щ6Ж#
30907.opus,7З ЗМ 0
30908.opus,АУЧЮ4В2
30909.opus,ХЫ2М8УР2
30910.opus,82 5ШТ4
30911.opus,57З27 Х
30912.opus,875 0Я
30913.opus,83РЭЛ8
30914.opus,105ЙЖЧХ
30915.opus,Н7ЧЗ2Г9
30916.opus,2Ц 92И#4
30917.opus,Л0З7ЪХ0О
30918.opus,5ЯТ 07
30919.opus,ЧЧЮ9 ЗЭ5
30920.opus,16Ч2Ь Г
30921.opus,5З5ЗШЛЕ ШШ
30922.opus,ЬЧЗЧФ24
30923.opus,6ИР23ЗМ8
30924.opus,Т2Щ 02
30925.opus,Н7ЪЧ14Я
30926.opus,8 36ЯЧ3
30927.opus,ЦЬН240Ж
30928.opus,7В44Ш
30929.opus,ЛГ5УЧЯД3
30930.opus,9Щ7 5Ю7
30931.opus,1З5Ш74ЬШ
30932.opus,Д74 4ДЗГЮ
30933.opus,#82#А
30934.opus,ЕЗ9Ь6Щ6
30935.opus,НЩЬЭЦЪ
30936.opus,09Я6ГМ
30937.opus,ЛЮЩ7ФТУГ
30938.opus,883Ч957Э
30939.opus,57048Я
30940.opus,ОЛП МЩ#7А
30941.opus,5ЧЗ72
30942.opus,3А7АБ4Щ
30943.opus,ЛЭЮБА0Т65
30944.opus,0316ГЮ
30945.opus,Г7ЯН1Й9Ъ
30946.opus,4С 72 ЗП
30947.opus,ХЛЮТЯЫЪ2
30948.opus,8Щ782
30949.opus,847 6СЮ
30950.opus,ЙЧ274ТИЮЛ
30951.opus,Т84ЗЩЩ
30952.opus,ЮАМ3Ш0
30953.opus,ЬЬМ8РКЧФ
30954.opus,Д З94Ь0
30955.opus,6ЩТЦЗЮЙ
30956.opus,#А74#8С
30957.opus,7Д0ИЙ5БГФ
30958.opus,9ХЩ4#Ш
30959.opus,ЩТЙ7Ф#СЪ
30960.opus,0РЩ8Э
30961.opus,5ЩСЬО А
30962.opus,5 ЖЬЮ0А
30963.opus,Л Л17 А75
30964.opus,7 7 #Й
30965.opus,Р ШСПЭЮ54
30966.opus,8Щ#88
30967.opus,0# 7Э
30968.opus,0Т2НИ
30969.opus,0ЪЬ7Ч А
30970.opus,7З2Г1З
30971.opus,60 ЪЮ
30972.opus,8З7ИЧ1ИЭ7
30973.opus,58ЙУ9Г
30974.opus,4 И2Щ
30975.opus,ЗК6Ъ3
30976.opus,872Т540
30977.opus,ШЪДЭЪ#
30978.opus,НЦ0ДФАО
30979.opus,ГЛ7ПЪЮИА
30980.opus,З З5Т8ЧВД
30981.opus,0АКПФЛЭ
30982.opus,АКТ04ШУГ
30983.opus,Н1ЮДЖТДЛЭ3
30984.opus,5ЛЫГ37
30985.opus,10СЭ7Ю2
30986.opus,З ХПЛЭЗЭ
30987.opus,8ЬЯТ6З3
30988.opus,ЙГ 9Д4
30989.opus,ЗЛГ 9 ЖЮ58
30990.opus,1ЗС3П7Э1
30991.opus,Щ7Е75 Ш2ЩТ
30992.opus,АДФБ2#РА
30993.opus,4К3Д24Ч
30994.opus,Л4ЯМ7Й
30995.opus,7ЬБЯЪ
30996.opus,4Т П5 2#
30997.opus,Н8Э22
30998.opus,5Ж04Д
30999.opus,ЛП38АНЛЩ
31000.opus,Е0ФХЦ Ж
31001.opus,З#ЗЩЬ6
31002.opus,1Й376Ш7
31003.opus,Н 2 З Ч3Я
31004.opus,5Щ736ЪЪ
31005.opus,ОК1722 Ч
31006.opus,ЗЖД0 Х2Ц5
31007.opus,0 ЧЮ0 АМ
31008.opus,ЛЗ76 ШБЮУГ
31009.opus,ЗШЧ3РЛ9Й
31010.opus,83З1Э
31011.opus,1СШ6ЗФАФЬ
31012.opus,7БЮ95В6 Д
31013.opus,5888
31014.opus,8ХЙЧ88
31015.opus,Х2 Щ6 8
31016.opus,ОЬШ#5РБ4
31017.opus,Р8ЯЗ5ЮЧ
31018.opus,ЮГ8 ХК9Ч Г
31019.opus,8О5КЩЫЧ03
31020.opus,ХИ2АЧ
31021.opus,967ХЛФЛ7
31022.opus,0АЛ005ЖУ
31023.opus,Д7 Ш3#4
31024.opus,ЬИМЗ8К293
31025.opus,А6Ш5Т6ХЮ
31026.opus,Н0  И
31027.opus,677ЯЫ7
31028.opus,ТТ3 А0Х
31029.opus,ФУБХ0 ЗЮЫ
31030.opus,ЛФЭ1Ь 7
31031.opus,09П 6У60
31032.opus,АЫЭ97ЗАЫ
31033.opus,Ю3879 Т8
31034.opus,Е3592К7
31035.opus,6Ч90ЬЖ
31036.opus,87Г1ТРЯГ
31037.opus,8 П ЩЦ21
31038.opus,9Л83К4
31039.opus,Л АЫЬУ 
31040.opus,Т5ШМЙЩИ5 6
31041.opus,00ШРАР#3
31042.opus,ЫПЮ6ЗЖДАН
31043.opus,Ю7З23Е0Ъ
31044.opus,ЙШЪЗЕ89К
31045.opus,ЛВЯ6ЫЖ
31046.opus,0050Э
31047.opus,ЖА75ПЮЩЫ
31048.opus,Н70Ц7
31049.opus,Ф5МЗПЗ0Д
31050.opus,Ф52ЛЧ 3
31051.opus,Т73З03
31052.opus,5ХЛЩБЪ7
31053.opus,ДРФЧЮ0У0
31054.opus,ЬХ ЭХ2ЧХЭ
31055.opus,1Т 2ЗПШ
31056.opus,9Г9ЭАЧЭ
31057.opus,787З2 16
31058.opus,Е5Т4 ШЩ
31059.opus,1Ь # 3
31060.opus,Ю52ФДС93ЦЖ
31061.opus,9А5КИБ7
31062.opus,АЗЩБ8Г7
31063.opus,П6ТЩ0Щ
31064.opus,7Щ7П5АЗЕЛ
31065.opus,ФП4Ш 23
31066.opus,55ЖА ГИ В
31067.opus,Н П 2ЪТЦ2
31068.opus,5ЧЙР7
31069.opus,9 6263
31070.opus,5Ю Ш06Ф
31071.opus,7 5ПХ457Я
31072.opus,87Е#ЛЭ04
31073.opus,ОХТ8В Ы5И
31074.opus,НАМ60ЙШ9
31075.opus,ЮЛЯ6Й0Я
31076.opus,17 Ч 5ИА7
31077.opus,9 62Ь7
31078.opus,86Ш6А7
31079.opus,ТЦ820Л
31080.opus,654ЗЩ3
31081.opus,МЯШ204И32
31082.opus,ОКХЖ2Ю Г
31083.opus,6Ш7ЭЩ#
31084.opus,БЗ0УЩЯ6
31085.opus,670059
31086.opus,5# 5ЖЗЙДВ
31087.opus,ЬЗЯ#АЙ9
31088.opus,МУ9К79З 9
31089.opus,5632ЛЗ
31090.opus,Н 9В
31091.opus,2ЬУГШБ3
31092.opus,Ц87ИТ7П2
31093.opus,РЗ3Ж6С6Н
31094.opus,РЛЪ2#8А
31095.opus,5ЯФ4Я
31096.opus,5Х5 3 #7
31097.opus,4ДЦ7 ШН
31098.opus,5Ж 0Ы7
31099.opus,847К73
31100.opus,778ЭЮ6Х
31101.opus,88РО97
31102.opus,0ЩКСПШ7
31103.opus,76З4ЦЭИ8З
31104.opus,Л Л70ЫВ7
31105.opus,124И407
31106.opus,З892О
31107.opus,1Е И9ФВ4
31108.opus,9НЪЬНЧВХ
31109.opus,1Б77#8
31110.opus,147Ф 6Т2
31111.opus,АЧ4НЧУ67
31112.opus,8Ч93П6
31113.opus,17О Л З
31114.opus,792Ы7Я
31115.opus,447Т92
31116.opus,З ЩЬ5ЕЖЭ2
31117.opus,2Ш 7С0 А
31118.opus,ЛЮГ3 Щ#М63
31119.opus,54Т0ЖЭК#
31120.opus,ЕЭ3ШЭЖ З
31121.opus,ЮЕЯАЬ7#9
31122.opus,7ЧЯ0Ч ГЛ
31123.opus,Л0ВЫЩ
31124.opus,7 889ЛЙХТ
31125.opus,ХЯ6 БД9И
31126.opus,76П 259
31127.opus,7ХЗ7О7Х
31128.opus,777ЧЭВТ
31129.opus,4 А88Ю
31130.opus,2ЬЬАХШИГ7
31131.opus,ЩЯЬ6З9
31132.opus,Р ДЗТ890А
31133.opus,85П СЖ Е
31134.opus,З 89ЙЬ
31135.opus,46Ю8ЗШЯ
31136.opus,ЖЩ8ЩТЫ8
31137.opus,Р5ЦФ9ЭАШ
31138.opus,74ТУЧ
31139.opus,Л7Э6Г9
31140.opus,0089 З
31141.opus,ЯМЖЬКЗ35
31142.opus,А3ТОИ06
31143.opus,1ЮР0ТМГ
31144.opus,А9М 9ЮШ8
31145.opus,Т475ЧШЕО
31146.opus,ЕЩЧЖ6
31147.opus,4Я7Ъ7Ч
31148.opus,89837Ч7
31149.opus,1ЩЛХВ#Х
31150.opus,ЙЛ0ЛЮ
31151.opus,А8 З7Б 
31152.opus,0ВЧ56Й2И3
31153.opus,00Р82 Д
31154.opus,А68СЖ7Ю
31155.opus,7 6Ъ4Х
31156.opus,Б3Ш7ЗЗП7
31157.opus,ЗЙ02Т Ш7Ц
31158.opus,З0КШ0ЭИ
31159.opus,4 672
31160.opus,8Ж Щ 8Э Д
31161.opus,Н0Щ5Р27
31162.opus,8Г2ЩЦЭ0
31163.opus,Ш1ЧЧКМ
31164.opus,7РЩ0 ЩА
31165.opus,ЛЗ88Ъ
31166.opus,5ЮВХЯЖИТ8
31167.opus,ЪГЯФСФ
31168.opus,О70ЪЖБ ЮЩ
31169.opus,О7Ы3230
31170.opus,ЩЖЧИ8793
31171.opus,ИХРЮУЦ
31172.opus,ЩТ49Ъ#
31173.opus,5ЖКЧ3
31174.opus,ШЬДЪ БШ75О
31175.opus,1ЭЪ 7
31176.opus,З З2Х6Ю7
31177.opus,Л8ЩШ Ч4
31178.opus,85Ш9Ю8
31179.opus,З Ю59Ю3
31180.opus,9035 #
31181.opus,Ш34Ъ5ЭЖЗ
31182.opus,1 ЮБ08
31183.opus,ЬАШЩП2
31184.opus,ЗЪЖЮБ 7 М
31185.opus,88Ч1Т
31186.opus,17877
31187.opus,8 ЛЖЙ9 ЯШ
31188.opus,АЗШККШЗ
31189.opus,Л9 АБГ
31190.opus,ЩШРЬ
31191.opus,ЛЧ Н057
31192.opus,ЗЩШЬНШ
31193.opus,Г В ЗЭШ5В
31194.opus,ЛОМ87М
31195.opus,54 49ЮЧ
31196.opus,ОМЩ 5АК#
31197.opus,А3623З7
31198.opus,70 И7
31199.opus,З0Ш7РП1
31200.opus,Л957ЧШЧ
31201.opus,8ВЛП399
31202.opus,Х7БЗЭ5О
31203.opus,12 2АЙ
31204.opus,А8Ж5 7Ь6К
31205.opus,Х#52 6
31206.opus,0МЧГУ3
31207.opus,17Х2К
31208.opus,ОО8О А
31209.opus,17Ч3ЖЩС
31210.opus,Д 7З5Ь9
31211.opus,МТШ5Щ3А КУ
31212.opus,1Е7ЛЖЙ Х
31213.opus,6Й0ЧУХ
31214.opus,Е6ЩЮГБ
31215.opus,0ЗЮЖОЕЖ Г
31216.opus,1СШ39
31217.opus,ЗЗ#5ХТ7
31218.opus,77#Я2ТЧ
31219.opus,РХБ7ЧР96
31220.opus,Щ57070Я2
31221.opus,4А7 Ч ЙШ
31222.opus,ЮАЧ83А8
31223.opus,8Ь ДУ09
31224.opus,479ЩТЩЬ
31225.opus,Т70Б126
31226.opus,8ГФ683
31227.opus,ГЪД3ЮЬ7О
31228.opus,ФЧТ94ЩГВ
31229.opus,170ЦЭ3Х
31230.opus,5#2ЭЫЭЮ
31231.opus,НО#9 85Б
31232.opus,0#Ж075ЧЭ
31233.opus,Н1ЩЫ352Ж
31234.opus,99М4Р8
31235.opus,ДД1Н893З
31236.opus,ЗХ8ЮЯ1ЮК3
31237.opus,Ь2З0СЛ
31238.opus,ШЩ 1ЯД#
31239.opus,Й2 2ХЬ
31240.opus,0Ш6ФЛ
31241.opus,ОНЦ558 
31242.opus,4Л1#
31243.opus,Ш#3 ЪС#
31244.opus,0ТШ4З9
31245.opus,Л4З08З
31246.opus,8Ю5ЬЦАВТ
31247.opus,87К7#ИЯ
31248.opus,52Щ272
31249.opus,89ШЗ94
31250.opus,4ЦП7 Й
31251.opus,М2Ж6СЬТ0Л
31252.opus,ЗЗ0ИБ
31253.opus,Д10 МИ ВУР
31254.opus,5РЪЯИЧМЖ
31255.opus,ИЧ56#5З
31256.opus,9Щ6ДЛЯБШ 3
31257.opus,7ЛЯ3Е4К
31258.opus,Х1ТД8А6
31259.opus,3ИЗЪ 9Я
31260.opus,Н8203Ъ1
31261.opus,Р0КЪГ 8
31262.opus,ПДЮЦЖ7Д02
31263.opus,Ж ЙЩИШГ79
31264.opus,З05ЭЪЕ
31265.opus,О8 ЖБЗД22Ь
31266.opus,Й68СШЬД5М
31267.opus,А75ЧЯФФ
31268.opus,ГВ87ЯЯ
31269.opus,57Е4Т36
31270.opus,8 ЧФИЧ
31271.opus,Х0ЧЖНУЧ
31272.opus,6Т АЗ1
31273.opus,2НЖЩЗ2#4
31274.opus,55 Д4К08
31275.opus,9Э #3
31276.opus,Г7ЖЧЗЭ5
31277.opus,Р72ЙПЮ
31278.opus,Ы73Ь9ЮЬ
31279.opus,З ПЧА93 7
31280.opus,Х7ЩЬ 95УР
31281.opus,НИ9ЧЧШТЫ
31282.opus,564  
31283.opus,897В А#А
31284.opus,Й2ИМТЩЯЮ1
31285.opus,М7Я51ЦЙ
31286.opus,27ЗВ4Ы3К
31287.opus,Н4ЧЛЙ6ИЦ
31288.opus,Е8766
31289.opus,Н8Ь3 7
31290.opus,#ЭЮ631
31291.opus,Н 5З7БЩЗ
31292.opus,ЛБЙХГ78Х
31293.opus,О 0#2ЛФНЭ0
31294.opus,3 РЩО08Р
31295.opus,Н67Ъ7ИЧ
31296.opus,ОАТ65УЗЭ9
31297.opus,Г Ж2ИЫ
31298.opus,ГР34У50
31299.opus,ОЖ0О0 ЩЯ
31300.opus,ЗИ8 6#
31301.opus,А3В85ТЬ
31302.opus,007ЭИЯ9Ш
31303.opus,Л5К7Г8
31304.opus,1ХЩ0ЗЖЬ7
31305.opus,А6ИКЫ7ЕВ
31306.opus,1Ш9УЪШ
31307.opus,ЕЭ08Я
31308.opus,ЩЖАЗЧЯ68
31309.opus,ЗА9Ч
31310.opus,7 ЕЖН60Г3
31311.opus,ПЖ6Ю 
31312.opus,0 Т7ХЭ4А6
31313.opus,7ТЫ 5 И9
31314.opus,8ГШ598
31315.opus,Я6ЯЩ6И8
31316.opus,Д79ЭХ ЭЭ
31317.opus,0Щ8Э
31318.opus,Ь7 2НЛ2 Л5
31319.opus,Ш937ЧХ
31320.opus,НФ ШЧ3Щ
31321.opus,#2 ВОИЧТ
31322.opus,407ЧЪ
31323.opus,ЛЭ68ПХ2
31324.opus,РД82 9АЦ8
31325.opus,209 БИЩН
31326.opus,А63И8НЬ
31327.opus,АГ#5Щ
31328.opus,АЛЩТЫВУ
31329.opus,77ЗЫЗА7
31330.opus,5Б#265З
31331.opus,Ь97ЯРЭУ0
31332.opus,НЪФЭГ7П
31333.opus,А78ЭЯДШ
31334.opus,Л5К65ЗХЩТЗ7
31335.opus,7Г0ТЗ
31336.opus,1ХШ0ЩХ
31337.opus,ГЬ 9В96
31338.opus,ОФ 073РЮС
31339.opus,Л4Р58ЙЭ9
31340.opus,0МЕЧЮДЮЩЬА
31341.opus,ЗИЬ637
31342.opus,Я73У7 О
31343.opus,Е ЗЮ Щ0
31344.opus,Щ Ы7Ю ЗХА
31345.opus,0Ш ЩЦ2ЗВ
31346.opus,ЛВЫГ26
31347.opus,2Ш5ВЬЗ2
31348.opus,ЙИ Ш39Г
31349.opus,Т8Ч15Щ
31350.opus,А4ДГШ К
31351.opus,НЗ9ТЖ2#Б
31352.opus,О7И 8 Г8
31353.opus,ГШ292Т9
31354.opus,З6УЧ7СШ5
31355.opus,НХЮ ЩЗЭШ 8
31356.opus,Н972Л0
31357.opus,2ГЩ35Т
31358.opus,#Э9Е#ЗБ
31359.opus,1  ЭША
31360.opus,Ш27ЧЗ
31361.opus,ЗВ 72А65
31362.opus,ФЗТЗ16Ю
31363.opus,5АВУО585О
31364.opus,52 6 Ц29
31365.opus,Т72П0
31366.opus,Л9Э7 Х8
31367.opus,ФЧ032
31368.opus,8877Ж ЕЭ7И
31369.opus,ОЭЮК
31370.opus,ЬД5Й9Г8
31371.opus,С6ЬЭЗ
31372.opus,ЗИД Х0Ь
31373.opus,ЗЛЭХ 1ГЮХА
31374.opus,46 ЭТ4Ш
31375.opus,МБЗЕ3ЧК6
31376.opus,Н64Щ6Ф
31377.opus,ЬДА8ЖЬ
31378.opus,7Г Й65З
31379.opus,7ИЧ28ЮС3
31380.opus,1ИО 9Ъ
31381.opus,20ЗЯН7ЗГ
31382.opus,МЖ949
31383.opus,7ЮЩ5Ф535
31384.opus,ЦХ2СБ 1
31385.opus,Л 759 6
31386.opus,ОХЭ1ЮИ85
31387.opus,ЧЫЯЭ2Ч
31388.opus,ШТ13ЗЭ7Г
31389.opus,9ЬН25 БА
31390.opus,А8 5Я0ДЗ
31391.opus,6 ЙЩ8Ю З2
31392.opus,8 25Ы57Ш
31393.opus,61И7 87Д3
31394.opus,Х2#ГЪ87
31395.opus,ТЗ687У
31396.opus,ЛИ03
31397.opus,0С77ЖСЭГ
31398.opus,0Э3З4ЧР
31399.opus,04Г5Ш
31400.opus,5КБТБТ#МЛ3ДТ
31401.opus,62ЧШ5 Л
31402.opus,847Ъ З5А
31403.opus,АБЧ3Ю6Ж
31404.opus,7 Е7Ч96
31405.opus,7 743Б6ТЖ
31406.opus,Л 88У0В
31407.opus,АШ2Р70
31408.opus,ЦЪЮ92Х
31409.opus,9Ъ38Т6
31410.opus,ФШ02#5
31411.opus,А1ЪЮ82
31412.opus,678ИД1И
31413.opus,З8ЬЩН9
31414.opus,0Ь8БХ6Я 
31415.opus,# ЖЩ8804
31416.opus,Ю36194
31417.opus,7Щ6Ч7
31418.opus,7 55ЯТЫЛ
31419.opus,АС7ГИ637
31420.opus,А9СПЖЬЗ
31421.opus,76Ш А ЙЗ
31422.opus,НЗ5 9Э
31423.opus,5ШЬТ
31424.opus,72Н7 ЭДФ
31425.opus,1Х4Г5 АОК5
31426.opus,НИЛЭ7 3А
31427.opus,Н5АОЫ5З
31428.opus,Р168Ъ
31429.opus,Ь5Б49
31430.opus,Щ97565З
31431.opus,0С05Ш
31432.opus,Л7Д7ЬЫБ2
31433.opus,З5#9ЮУЩ
31434.opus,#4П#776
31435.opus,Н5Ъ5ГДШ
31436.opus,ЗО32СЫЛ
31437.opus,Ы5З79 58
31438.opus,ЗЧТ45ЭМД
31439.opus,ЕЧЛА3ГМЬ
31440.opus,Р1ЩЯ6#
31441.opus,185М9ИЧ7У
31442.opus,Ь6ЗЧ059
31443.opus,#275ЮАВ7Ж
31444.opus,778ЗЪ6
31445.opus,НД87ЗЙ Ъ
31446.opus,783Я0И9
31447.opus,65Я0ЗЩРМ
31448.opus,218СД2Ъ
31449.opus,7ЧГБО26
31450.opus,Л#ШБИ068
31451.opus,А90С8Ю
31452.opus,3 Г847
31453.opus,НГ 7ЖБХЗ
31454.opus,З3ЭЩ5Щ
31455.opus,4Т З8ЗЬД
31456.opus,67ЯКЗ2 ЯМ
31457.opus,К6А70ЗС9
31458.opus,1ИТ6У2Щ
31459.opus,Н8Ш7Ш
31460.opus,1Ъ0ЮАВ2
31461.opus,Т368ЭХ0А
31462.opus,8 Ш6О
31463.opus,ЬШЖП2Ц7
31464.opus,МФ960Л4З
31465.opus,8З1ЯЛ
31466.opus,З#5Ъ 79Л
31467.opus,4ДХ  З
31468.opus,8Я7ЩСЧ
31469.opus,ЗГЯ 7ИШ9Я
31470.opus,06ФС3ЖГИ6
31471.opus,2 7О96З
31472.opus,ЬЗ8ЩЗ0
31473.opus,ЮЬ632ЖЩ3
31474.opus,Ч0ЧК8Е4ЦЩЯ
31475.opus,536З8К
31476.opus,0ПН7
31477.opus,ТЧ2Ь2Ц5ЗЗ
31478.opus,ЫТ СШЮ2ЬХ
31479.opus,#ЬШ4З
31480.opus,Ь7ЪЫИЦ2И
31481.opus,#7ШЬБА
31482.opus,М21ВЧО2
31483.opus,1Ш Х2ЫА
31484.opus,З Г080ЯЬ
31485.opus,167З К
31486.opus,Г6А92А8В
31487.opus,Т68Р58
31488.opus,#5ЖЗ8Л7
31489.opus,НЧ69Х707
31490.opus,009#8
31491.opus,ХЗЖШЗ7Ш
31492.opus,Д35ЗЙ5 З3
31493.opus,4Т 4 ЖЦХ
31494.opus,8З7
31495.opus,ОХЧ7ХЛЪ
31496.opus,94Р3МЩ58И
31497.opus,Н50ЯЬ0
31498.opus,4Т0ЩЦ5М9Ж
31499.opus,ЮН1ЗЫЧ
31500.opus,О0ЖЧ5
31501.opus,8И9 84Г
31502.opus,Т935ПК9
31503.opus,АЬТЬСЦЗ
31504.opus,6Ь7806
31505.opus,ЧЭ2 ДСЩТ8Ю
31506.opus,1ЭЕ214
31507.opus,7 АК 66П
31508.opus,1МСИ 17
31509.opus,8З #
31510.opus,1 ЯЗ51
31511.opus,ГЭЮША85ЗЮ
31512.opus,1Х80 Д8А9
31513.opus,А4ЗЬШЮ0
31514.opus,8З Л 7З
31515.opus,Т00ГЛЩ З
31516.opus,0ЭЫЛЦ
31517.opus,Р5ТШЮР2О
31518.opus,14МЧФЖ
31519.opus,8398ГТ
31520.opus,АГ57ШВ
31521.opus,М7Э2ЧЛЬ
31522.opus,О20ЧГЭ
31523.opus,З6К76526
31524.opus,9ЕЯСЛ5Ч
31525.opus,А0З2ЗЯИ 8
31526.opus,Л5ТЧЭ4
31527.opus,Ч6ШКЭУМХ
31528.opus,З8ИЗЬ92
31529.opus,8ПЯШ6Щ8П
31530.opus,Л 90И0СМ
31531.opus,Д 48ОСЧ1
31532.opus,65ЖИ26ЗЪЮГ
31533.opus,Т8ШБЩ8Щ
31534.opus,4 К764З
31535.opus,9СЧ5ЗЭЩЮ
31536.opus,ЕОЛЧ0Я
31537.opus,5ШО0И
31538.opus,А077ДА8
31539.opus,И6Т4ФЙЧФВ
31540.opus,34НЛ0ЭЗ
31541.opus,48Ш7ИЩКШ
31542.opus,Л А3ЪЗ#Г32
31543.opus,ДЗЖЩ6Э5ЬА3
31544.opus,ТЧ2058Б95
31545.opus,Х64 257
31546.opus,7Б В 0 07
31547.opus,ТЧЗ2Ш8М
31548.opus,8О8Ю5З5
31549.opus,9ЩДС8Ю78
31550.opus,Р Л3728
31551.opus,ЬЗП7Щ7
31552.opus,Д7ЪЗР
31553.opus,9Х98ЕЮХГ
31554.opus,Х3Б83ЛП
31555.opus,0#Б3Ф4Л А
31556.opus,АШИ ШХ37Ш
31557.opus,Й7Щ71Щ
31558.opus,НЗЛ 9Ф1
31559.opus,18 #ЯНШ
31560.opus,507О1З
31561.opus,Л 2Э7Э2А
31562.opus,ДЗЗ#5
31563.opus,АЧ47 76 Я
31564.opus,НЗЯЯЯ2
31565.opus,ЗХЧ01ДЗ Я
31566.opus,5 06ЖРУЙАБ9
31567.opus,НЗЭ3 П ЪЭ
31568.opus,Ь38057Ш
31569.opus,ХШ0ЧЛ777
31570.opus,350 0Э
31571.opus,8506Б82
31572.opus,Н7 8А82Ф3
31573.opus,ЮЖ5С5П 
31574.opus,7 Ч7З7Щ
31575.opus,827Г56Р
31576.opus,1З Ю78СТГ
31577.opus,6 87ЪА
31578.opus,Л3В15ЭЖ
31579.opus,ОАЬ 2Щ7ФЛШ
31580.opus,А#ЫШ
31581.opus,Н69ЯМА #Л
31582.opus,З0ЪЗЬ
31583.opus,1ЯЬ706
31584.opus,5ПЗ А6
31585.opus,Ф90Ф7Ф7
31586.opus,83 РЙ
31587.opus,1ТАЬЭЯ
31588.opus,5Щ 4 93ГЛ4
31589.opus,73В7 Б0
31590.opus,06 79Ф 
31591.opus,ЬК 8ЖТЬ9
31592.opus,АР9Ч З
31593.opus,ОЖ В0ФГ
31594.opus,Г5#2Щ3
31595.opus,О5Х7КЬОШ
31596.opus,6Т8Б
31597.opus,6Д2 3Л
31598.opus,1ЧЗАЫЭХ
31599.opus,74Ш5Ш
31600.opus,7 62Ц3
31601.opus,6 Л ДЗХ
31602.opus,А7И7ЗР4 5
31603.opus,ЦБЗК1Т6ПФ
31604.opus,ЗЦ7ДА94
31605.opus,ЗЗ Л 6ЛЪ1
31606.opus,Й Р#ШК5Ч
31607.opus,65501Л
31608.opus,АШЧХ#Я5
31609.opus,Ь84ШГА
31610.opus,1 7НПЖШ5Ч
31611.opus,147У6ЦГ
31612.opus,ЯН 2ШСХВЗУ
31613.opus,#ЯИЗАБ
31614.opus,88 Л#Ф 5
31615.opus,ЗЙ6ЖН ЮВ
31616.opus,05ЪД Ю#4
31617.opus,49Т#58Я
31618.opus,ЗП57Щ75Ф
31619.opus,9ЩИ ЧЭИ3
31620.opus,57 Ы4
31621.opus,Ж5857Щ
31622.opus,72ЧШТЦЕО
31623.opus,825П5Ц
31624.opus,0ЮН3ЛШ9
31625.opus,ЬЬГЩТ7Щ#
31626.opus,ЗЙ5468Ф
31627.opus,ФЯЩ ЛД7
31628.opus,18ЩИ7 В
31629.opus,8К 73ГЬФЮ
31630.opus,78767 4
31631.opus,ФЬИ8О#
31632.opus,96МИЬЪВ
31633.opus,1Й9Б2#Э
31634.opus,5Ь4ПЭ
31635.opus,5Ь6ЗШАЗ
31636.opus,Н З8Е7 102
31637.opus,Л А3Е 72Г5
31638.opus,А6ЧЩКЧЯЛ
31639.opus,0Щ Я98
31640.opus,Л 7ЗЭ 9
31641.opus,Т5Ч0 8
31642.opus,7Э5КШЛ
31643.opus,1ИГ2 ЧУ7
31644.opus,13А0
31645.opus,04 2ИЬРГЖ
31646.opus,ЬУ7ЩН5
31647.opus,76РТЫЮ6
31648.opus,54АЧПВ6
31649.opus,#Э06 8 П
31650.opus,18ЙХ9ЯЮ
31651.opus,4ШЪ2 Ч
31652.opus,52Ч682
31653.opus,Н9Ю 10Б7
31654.opus,8 Э0ЛГАД2
31655.opus,ФНЮ Щ6З4
31656.opus,8А7Ш7
31657.opus,Н Б0 ШЪ МУ
31658.opus,5Э42
31659.opus,ЗЩЛЗЯ
31660.opus,НД76 8
31661.opus,8СП8 5Ч2
31662.opus,80Ю75ЩА
31663.opus,АГ727
31664.opus,ИШ6РДАЩСА
31665.opus,НИ4ЬТМЭШГ Ш
31666.opus,З5ЯЩ994
31667.opus,НИ4В5К 8А
31668.opus,7 ЭЩОЮ Я
31669.opus,ЛШГ7РЩТ3
31670.opus,42БИ9Ж8И4
31671.opus,1О14 Щ7
31672.opus,ЕАЛ9 8Ю
31673.opus,ЩД7ЙЙЭР
31674.opus,7 ЬЮ6
31675.opus,С6 Р40598
31676.opus,8В9 Ч4 
31677.opus,ЛШ72Ю5ХЗ
31678.opus,5ШЮШТН
31679.opus,1Н ЧЗЯ0
31680.opus,2Ч320
31681.opus,У78Ц29Й
31682.opus,О4ЫГ784
31683.opus,4БЗ7 0
31684.opus,1ЩЖ60А
31685.opus,О35АЫ3Ю
31686.opus,875#ДСЙ
31687.opus,ХШ7ЪЪГ
31688.opus,5 ЩХ А64
31689.opus,Т0ПАЧБ
31690.opus,НЧ602 А
31691.opus,489ЩУ 5
31692.opus,ТО9ХЯЫ97
31693.opus,9КЫ4Я337
31694.opus,Д5ШЩБ
31695.opus,ЗЧ4З7
31696.opus,АЩЪ К7
31697.opus,1 ЛИ9Ж3С
31698.opus,Н А2 А23
31699.opus,18Ж0 1
31700.opus,5К496ИЧН
31701.opus,4ИЧЬН24
31702.opus,1065ЮС Б
31703.opus,#БЮЭШГЛ
31704.opus,З5 Ч4Д3Ш
31705.opus,#СЗ5С9УБ
31706.opus,76УЩ05А
31707.opus,065М#7Х
31708.opus,8 Я0
31709.opus,РИЦЖ3Ш
31710.opus,ЯЩ ЧЗ69
31711.opus,7ЮУЦ5#2Э
31712.opus,З Я7 7 
31713.opus,09ЮЩ5 ЛГ
31714.opus,Н35Я3Ю
31715.opus,ЦХГЪА
31716.opus,ЕЩСОИ74М
31717.opus,07282Л
31718.opus,З5БЗЧ7
31719.opus,5ЮИ ПА4Щ78
31720.opus,АЧХЪ769
31721.opus,ЙБЫЩД5Ъ
31722.opus,7Р1ПЛ 
31723.opus,З 5ЧМЗЬХАМ
31724.opus,8#Ы7274
31725.opus,5 В5ЖГ ЕЗ7Э
31726.opus,1#Ф0Ю8
31727.opus,8ЩК5Ю4М
31728.opus,Р5ЪЩД2 Я
31729.opus,53СЩБ0Я
31730.opus,РЗ635ЫЪ М
31731.opus,2Е 7ЩШТДХ
31732.opus,Т0 АБА63
31733.opus,8ЩЧ3Л2
31734.opus,О21А2Щ
31735.opus,З3ХЩЧ
31736.opus,8ШЗЩ05
31737.opus,З59975З
31738.opus,Р8ЭК0Ш
31739.opus,Е6ГЮ2#Х9Х
31740.opus,19 Ж8ПП
31741.opus,ЛАЗЭЮУ9Г
31742.opus,НЗ7346 2
31743.opus,1ЫСМ3ЛП7Ж
31744.opus,2Н2ЫЛЯ
31745.opus,#ЦЮШ
31746.opus,А8ЖГ Г3Л
31747.opus,6Ж 7ЩС97
31748.opus,Д 4НЗ2 Ж6Ж4
31749.opus,ШЩФ7Д3ДГ
31750.opus,ЛЯ10Ш
31751.opus,ААГ3ЩЭЯ9
31752.opus,13К8Л
31753.opus,7 2С73Л
31754.opus,0#В8Г5
31755.opus,5ЫШМ00
31756.opus,26УП 2ЬБ
31757.opus,А 2630Д
31758.opus,6 1ШИ ЬХ
31759.opus,6М 0ШШТ64
31760.opus,А#Ш4Ж
31761.opus,ЦЯУМГРШКЬЦ
31762.opus,Щ57ЧД8АБП
31763.opus,838ФЪ7С
31764.opus,ДРШЗЗА7Л
31765.opus,524 Я
31766.opus,0ВЪН3С1#
31767.opus,8Ж Г3П9
31768.opus,Й0ЖСЭ2Ш
31769.opus,046ШЩТ#
31770.opus,ЗШТ7Ы7Ю
31771.opus,Л9ЖК6Т8Ю
31772.opus,4 05Й6 З
31773.opus,5ЩЬФ 7
31774.opus,Т2ЬФ#9
31775.opus,50ЗЮИ75
31776.opus,Е6ТЗКЦИЬО
31777.opus,8 П80ХЗ
31778.opus,А8 Я3
31779.opus,5Э68ЗА2
31780.opus,ТЛ0Х97
31781.opus,ПО9Ч99З
31782.opus,Н743Ж8Э6Р
31783.opus,2ЪЗ5ЙЬ8Ю
31784.opus,765ЗЭФЧ
31785.opus,#7 ШТ 24
31786.opus,Н70ЪБЪГ
31787.opus,ЗЛ9788РВ
31788.opus,Л6ЫЭ8ЛВ
31789.opus,Т6ШТ6 7БЮ
31790.opus,Н92ЩЩДШ
31791.opus,1#И8АВЯ9
31792.opus,Н6ЩК2Ч
31793.opus,5Ч32В7
31794.opus,0Ш0АГ1О
31795.opus,Ь87ИЗЩШ3
31796.opus,Л76ЗТ4
31797.opus,59ЪА ПФ2М
31798.opus,Н8З82Ы
31799.opus,Р Ъ 5МЛ Щ5
31800.opus,14ЗЖ7ЬИ
31801.opus,Л ГШ
31802.opus,ОТ08Э8ИШ
31803.opus,ХШЧЗ40Н3
31804.opus,85ЩО06
31805.opus,СШ97ЧС3
31806.opus,СЯЧЧЭ6
31807.opus,4ЬН1Ш3ЪБ
31808.opus,4Я ЛЭЭ6ЦЧ
31809.opus,9257И32
31810.opus,ХЬ8АЪЯ6
31811.opus,1С21 
31812.opus,4ТЫ83Ю
31813.opus,7ГЗ4Ж2ХЪ
31814.opus,ТШШ67Щ ЯЖ
31815.opus,Ы8 КЩ7ЛП
31816.opus,1Д65ЭАЩ
31817.opus,Ш7ИЬ90
31818.opus,0М0ИЯЬ
31819.opus,ЮЧП95ЗЬ
31820.opus,19ИЪ 6
31821.opus,А7ЩЭВ1
31822.opus,13Ч77Б2
31823.opus,ЬЫ0ЪП5
31824.opus,Н7С Й
31825.opus,9Ч0ЗШ
31826.opus,00ЧК9
31827.opus,ЮФУЫ Э 7А
31828.opus,Л ЛЩШ7Ш
31829.opus,5Ч05 #
31830.opus,ЗЭЕ3З4Ы
31831.opus,47159А
31832.opus,Р13Л5ЩЛ
31833.opus,ЬЮЦ6Б0
31834.opus,А7Г ЛЧ
31835.opus,ЦФЛХР#1Г М
31836.opus,81 АВЖ0Ф
31837.opus,7З7Т П5Щ
31838.opus,ОШЭ68В5Ь
31839.opus,0ЭЪ30Ю
31840.opus,ТЗЪ45Ц
31841.opus,825850
31842.opus,66ЪЛЗ
31843.opus,ЮШИАЦХЭФ3
31844.opus,Е 90Щ3
31845.opus,5И 0М2 Е
31846.opus,Л78ВИЗ
31847.opus,РЭ5НГ3АЬ
31848.opus,НШЦНШ76Й
31849.opus,1ЮЯ54А
31850.opus,576Ш5Ч
31851.opus,06Ы592 Д
31852.opus,8 П
31853.opus,9#ШИ3Х
31854.opus,И50И2ЦЗ2Г
31855.opus,4Я7УБС68Ф
31856.opus,ЬЮ3 АИЪГ
31857.opus,23Т96Ш7
31858.opus,4К ЛЮИ82
31859.opus,4М6ЭЩ6 Г
31860.opus,56Ш8Ъ
31861.opus,#5#ХЫЭ
31862.opus,577 ЪЪ
31863.opus,0З2#З4А
31864.opus,ЗЯ 5ШЭ3А
31865.opus,50260В
31866.opus,17 Э7ФЖ
31867.opus,56Ь7ЮЧФ
31868.opus,Ь915 З7
31869.opus,17Ъ57Й5 М
31870.opus,АТ6067 ЗТ
31871.opus,8 ЩЦЭЯК
31872.opus,РЖ6ЫЗ
31873.opus,#ЖЩЫ77
31874.opus,ЗЛЕЙ 73
31875.opus,ЛЯ8Ю4#Ж
31876.opus,З ЧФ З Д5
31877.opus,А7Й3ШЗ
31878.opus,Й8РЗЪЩШ
31879.opus,А#ГУ7Ж
31880.opus,718304
31881.opus,Й351ЧЪЪ
31882.opus,З737ЭЮЧ
31883.opus,4ВЭХГС9МЗЯ
31884.opus,АЧ3Э#ЩВ
31885.opus,6 8ШИ#7
31886.opus,52БУ 
31887.opus,НЛ0 Х5И
31888.opus,А0БЙЭШ
31889.opus,А48П5Ь
31890.opus,Л70ЪЪ
31891.opus,#К Щ
31892.opus,АЛЯБЭЖ6Щ0
31893.opus,94ИШ3БЙ
31894.opus,Л Л597КТАМ8
31895.opus,62ВЯ7РЮ
31896.opus,ЗЯ5ОБ6Э
31897.opus,ТСЫ7З5
31898.opus,557#5Ж ЭЖ
31899.opus,5К0Ш8
31900.opus,78 Л Ъ
31901.opus,45Ч28МЗ
31902.opus,А969Я
31903.opus,5 Ч4Д5 ГЗО
31904.opus,37Ъ7Щ9
31905.opus,7О73 АИ0#7З
31906.opus,О7Ч0С П
31907.opus,52 ВЫШИ
31908.opus,3РЮ2Ш3
31909.opus,Г ВИАЧ4УЧ
31910.opus,Т Щ457С
31911.opus,65Я5ЮЪ
31912.opus,8 ЭВГ2
31913.opus,НЫ670 Д5
31914.opus,ЫЮЬ 8Я ТН
31915.opus,8Э7ЛР9В 
31916.opus,9ИЫЕВ5
31917.opus,7ЖЮ6ЦФА
31918.opus,8Ц78Ф8ВУ
31919.opus,1БДЮ9Ш
31920.opus,НЩТНЗШ7Ш5
31921.opus,ЩЗ8ФЮ0Ч
31922.opus,56ГЭ 2ЖС#Г
31923.opus,ОЭ3ЩЮЗ6Ю
31924.opus,А205З
31925.opus,0Д 8СЬ2Ж
31926.opus,71ЮЪЮ8
31927.opus,6АЫЩ
31928.opus,Т78Ъ6Й7
31929.opus,Х#З 6Ш
31930.opus,АЧ5Щ8М5
31931.opus,9БЪ ЮАШ
31932.opus,Л3#4ГАГ
31933.opus,Н20ИЩ29
31934.opus,4933БЭЖЬ
31935.opus,Й0ЬЦ4Ь
31936.opus,Н8ЫЩВЬК5
31937.opus,0 0 53Й
31938.opus,8ЭИ 8685
31939.opus,С5ШС# 7Г
31940.opus,76Ж9787
31941.opus,07ЭХР ЪЗ
31942.opus,67 ЛХАМД#7
31943.opus,0ЪАЫ МЩЪГ
31944.opus,8ЭЗ8Й
31945.opus,0#ЭБЩСЗ
31946.opus,ЗЙ35ЬУШ
31947.opus,23#0 24
31948.opus,Н8Щ 62СХГ
31949.opus,9757Х0 Э
31950.opus,ЗЕ7ЭЪЮ
31951.opus,5ЬКЗЭ94
31952.opus,5#Э
31953.opus,ЗЭ Л6Х
31954.opus,6 З2Ъ
31955.opus,3ЛЬ29Я8ГЕ
31956.opus,Н Й48З7ЪИ5
31957.opus,ЯЬРШЯ2 Щ
31958.opus,А36ГЭШ
31959.opus,ОУФЮВЩ
31960.opus,ЖД 6Ч 0
31961.opus,НЭЗ7506Ч
31962.opus,Д 0Э3
31963.opus,8ЩШЯГАШ
31964.opus,65ЯЗ7ЪЮ5
31965.opus,Р67ЯГЗЯ
31966.opus,Н2КНЭЮЧДО
31967.opus,Л9577Ш
31968.opus,48 СЧ167
31969.opus,08ЕО СЬЗЮ
31970.opus,6700ЗЭЖ
31971.opus,1 2МЖТ7
31972.opus,Л#0ЦБТНШ
31973.opus,4Ж793
31974.opus,79ЧЖК37
31975.opus,ХОЬ60ЬТ6Ъ
31976.opus,ЮГ4Щ5У
31977.opus,47Ш0ЯТЗ
31978.opus,ЬТ65ЛЧ ХШ 5
31979.opus,67Ю9ЮФЩ
31980.opus,8О7ШГ
31981.opus,З0А0БРТ8
31982.opus,5И9 МИ99
31983.opus,Ю59УГЗ Г
31984.opus,ЬБЗОЧЗП
31985.opus,М6ИШЧ0Б
31986.opus,ЪЧ5Я6 Ч
31987.opus,ЗЩБЗА
31988.opus,4ЬН 6О
31989.opus,Й9Ю9Е7З85
31990.opus,40ЮЩ
31991.opus,85Я8ЩЧФ
31992.opus,НЩТ 88Ж5
31993.opus,АЭВЙЗ А#2
31994.opus,67#7
31995.opus,3Ш0А92
31996.opus,5ЗЩЯ09Ч
31997.opus,Л28Д0Ф5
31998.opus,7 Р2ЛЩ4
31999.opus,8ОЕ0Э Д4
32000.opus,7О9 А6Ю
32001.opus,ЗП6ЬТИ0ЗЦ
32002.opus,05 Ы7 Щ7
32003.opus,8 ЪИ60
32004.opus,ЧЗЪ603З
32005.opus,52Г69 3
32006.opus,ЖЩРЗ0ДЧ
32007.opus,55ЮТ6ЪЗ5
32008.opus,ЮГФУШ71
32009.opus,1Щ8Ч1
32010.opus,ЙХПД5Р07
32011.opus,А6А3Х 59Х
32012.opus,Х6К77
32013.opus,Н#18Я
32014.opus,Щ5#25Ш5УО
32015.opus,О 273Ю5Ч
32016.opus,0ВЩ03Б
32017.opus,8ЖЛЗЬСЙ Ч
32018.opus,988А5ЧЙ
32019.opus,ЕЩЭ А6
32020.opus,8 Я В4002
32021.opus,4НЧЧ1ЦЖ
32022.opus,8ИЧ94
32023.opus,7ЧС0ОЮ
32024.opus,ГЯ0П25
32025.opus,130Ь5ЗЮ 1
32026.opus,О0Э
32027.opus,ХЫ 4Ю 
32028.opus,83А80
32029.opus,#672И0И4З
32030.opus,ШЩА647Д
32031.opus,0ЭСЗИЩ
32032.opus,76И7 Ъ59
32033.opus,4ЧЩ003
32034.opus,4Щ058
32035.opus,ЗИЬЗ9ЛЯЬ
32036.opus,ХХЪ 9ЮТЗ
32037.opus,Н7Х8Е35ЗФ
32038.opus,Л681ЬХТ7
32039.opus,6ЗЭРЮЯ
32040.opus,79ЧАЗЫ
32041.opus,1В#2Ц
32042.opus,ЕТ7Э
32043.opus,НЛ7З5ЧЮ
32044.opus,НФ 2 Д7К3Ж
32045.opus,22009Ч
32046.opus,4ШЪ6#К
32047.opus,53АЗШ
32048.opus,9 7С8И6О3
32049.opus,5 65 6Ь Ж
32050.opus,5978П
32051.opus,00595
32052.opus,827Э525
32053.opus,0Щ6745Ф3Ж
32054.opus,ЗЯ Ъ2ГЮЭ
32055.opus,5БЧ30
32056.opus,ЬЛ0Щ0ЗЯ
32057.opus,НГВ#06ЗШ
32058.opus,УЫЗ0Н3
32059.opus,8П4ИЛСБ
32060.opus,8Н3ЪЦЮЮ
32061.opus,А82З2Ю
32062.opus,ЬЩФ#З7
32063.opus,58РС9 6
32064.opus,20ЩЛЭ0Ь
32065.opus,Л0ЧЯ8Щ
32066.opus,ЖБЗС6ЧЭ
32067.opus,ОЗ 5ЦЪЮЩ
32068.opus,5ИЧ45Л
32069.opus,4Н7Л75ЭЮ Л
32070.opus,5ЫЮЭЪФИ3
32071.opus,Т Д0КЖ
32072.opus,ЛУ051#9
32073.opus,ЪХ740В6
32074.opus,А2ЛО##ЛЩ
32075.opus,ЮЫ62047
32076.opus,ЕЩТЗПЛЫГ2
32077.opus,4ЗЕЗ7Ш6Б
32078.opus,З36Ж53О
32079.opus,77К5Х
32080.opus,Л9ЮЭЬХ
32081.opus,ЗЩХ2СЦ7
32082.opus,ЬН71М93С
32083.opus,ЛЮ6ОС 5
32084.opus,77ЭЙГЬ
32085.opus,8ЩР26Э
32086.opus,79 СК ВЧК
32087.opus,758 Ь6
32088.opus,47Щ
32089.opus,5 Л0М0
32090.opus,М8073Л3
32091.opus,Л#АТЩТБ
32092.opus,16М6М7Е7
32093.opus,0АЯ РМ2Ш
32094.opus,27ЗЧ4 ЗИ
32095.opus,СШ3 Щ
32096.opus,ЕЧВ676
32097.opus,12#Х
32098.opus,ЬЗ2ШЛ87
32099.opus,Ь3Щ В ЩМ6Х
32100.opus,ИТЧЧ8Э
32101.opus,АТЬ Ъ5ЖО
32102.opus,77Я0
32103.opus,87ВЫ6СЗТ0
32104.opus,79ФВА8АЦ
32105.opus,4ИЫ5ЙЩ
32106.opus,ОГЯ92Ц
32107.opus,О5Х0ЛЮ4
32108.opus,ОС6Б#ЧШ
32109.opus,#ОЭЪ Ж5Ш
32110.opus,75БЮЩ7И 0А
32111.opus,Д8Е76К 6
32112.opus,АЯТД785ЯЯА0
32113.opus,Б8ЩШ6СЩ
32114.opus,Л ШТК57Ц
32115.opus,1Л16В
32116.opus,А6Э99
32117.opus,Ч Ч 292У
32118.opus,9#З7
32119.opus,6К З26Ч
32120.opus,ШЭ2ЙЩ3М
32121.opus,Т69ЮЖЩДЮ9
32122.opus,НЕЭ04Л0Ш
32123.opus,57646
32124.opus,Р Л5Ю681
32125.opus,З9 789
32126.opus,Д83 УГЪБ58
32127.opus,ДЧ0С06
32128.opus,ЧЩЬТК69Ф
32129.opus,Т#ЮХЮШБХЫ
32130.opus,8И29ЖМБ
32131.opus,О #ЮХ8ХЩ
32132.opus,08ЗШМТ#
32133.opus,Т6ЯИБН Г К
32134.opus,7ВЗ Д7
32135.opus,5ТЗАП
32136.opus,2Л6Х Т 26
32137.opus,ЗД Ш5Ш5Б7
32138.opus,7 И4ЬЧЭ
32139.opus,НР4905
32140.opus,Ь4ЛЭЩ49Я
32141.opus,0РЯКЫЯШ1
32142.opus,4ТИЫ5Э97
32143.opus,Й3М8ЭЖТ8Ф
32144.opus,Т0И0ШЗ
32145.opus,З80Ю63 ЛЯ
32146.opus,8ЗЭ75О Х
32147.opus,10М 8Ф ПХ
32148.opus,28ЪЖН76Г
32149.opus,Й0547З1
32150.opus,7НЯ4ЫН4
32151.opus,З7ГЖЯП1
32152.opus,8ЪЖХ406
32153.opus,8ТЬ7ЙК
32154.opus,8ЯКСЛЯ
32155.opus,Н3Э5КХ1ЪМ7
32156.opus,Е3ЛЮЩ
32157.opus,64ЮЗ5 2
32158.opus,0И Ы6
32159.opus,ШЪ80 8 Л
32160.opus,72 8Я Е
32161.opus,ЗЪАШ8ЬТ
32162.opus,Ш 857 А0 А
32163.opus,ЬШЗ7ЩЪ
32164.opus,З5Ю0 76Ф
32165.opus,ЬБЗЩА74
32166.opus,06СЬИ2 Т7
32167.opus,ШЗЧЗЛИ8
32168.opus,ШБЧ50ЗК
32169.opus,4695О
32170.opus,4БЬР
32171.opus,7Л9Ъ ТЬ6
32172.opus,З49ЗХИК7Ш
32173.opus,Е0Ж Р
32174.opus,4З6#8 4
32175.opus,Т7З497Б
32176.opus,3Ю689
32177.opus,2АОД8ФВИ ДР
32178.opus,ЬЧЬН3ФП
32179.opus,99ЗЗ6
32180.opus,9ГЭЯ4И4ЪЮ
32181.opus,1Е7ЯТ682
32182.opus,НЯ9 ШЯ
32183.opus,А0И797
32184.opus,ХЗ7Б 2Ч3СЮ
32185.opus,7Ч7323
32186.opus,8#Г3И70
32187.opus,ЙСМ Г7Д
32188.opus,4МЗ40МС3В5А
32189.opus,059ИХ53ЩРЭО
32190.opus,О0ИЯБ0И8
32191.opus,ЗЪ50З72
32192.opus,ЙЬТЬ ГЛ3
32193.opus,Х Ъ1НИ3Э
32194.opus,7ЪИ827
32195.opus,291АЩС
32196.opus,ОАЪЮ0Х1
32197.opus,Щ3ЪЖ8 Г
32198.opus,1 7 9
32199.opus,07Ф0ЮБК8
32200.opus,АЩ3Ь4Ж
32201.opus,НЭЧ0ТЫ
32202.opus,5Ь9ЪА5 ЭК
32203.opus,8ЗЭ0#ХЩМ
32204.opus,О35ЩХШИ 9
32205.opus,9Т0Ш #Т8Р4
32206.opus,788 ЯА67
32207.opus,Ш7Е053Д
32208.opus,74Ь К
32209.opus,7ЮЭЙШ
32210.opus,ЮМЫ50А7
32211.opus,С2И08НК
32212.opus,5Ы6
32213.opus,Е3 95ЪК
32214.opus,М4ТЖ0Ц
32215.opus,НЩЫЩВШБ9
32216.opus,ТЦ#ЧЬ8
32217.opus,Ь09ФЙ
32218.opus,47 7КИ8
32219.opus,З5626ИЬ
32220.opus,З 7Ю56
32221.opus,8ЩХ#ЛЕ04
32222.opus,1Ъ Ч С
32223.opus,Т9 78К
32224.opus,ЙТЬ9Н
32225.opus,4 П5Ш
32226.opus,О А51ЩЗС#
32227.opus,5Д23 ХЭДТ4
32228.opus,ПЕЩ01ФЛ5
32229.opus,А0Н Л5Я8Ч
32230.opus,Н7ЦЯЭП Щ
32231.opus,Я00426З
32232.opus,АЧ28Ш 0
32233.opus,Ж392Ш А
32234.opus,ЙЧ8В5Б07
32235.opus,17ПЯЪ 4
32236.opus,Н4ЦЭИЭЮЩХ
32237.opus,9406ЗИТ
32238.opus,0ХЬЦБЛЯ6
32239.opus,НЩЧ2А#Ч
32240.opus,ЗГИЭЕ3ЧЗП
32241.opus,877 7 0СЗ
32242.opus,123З4ЬЧ
32243.opus,0887АЛ2
32244.opus,ХТ05ЩДЮ7
32245.opus,ЕЗ 8Э7Л
32246.opus,5ИЪ851ДЯ
32247.opus,П#Ш 1Ч 
32248.opus,ЕЗП3Ч
32249.opus,Ъ ЧФ92Ж
32250.opus,1Д7М2Т
32251.opus,4Н4О ЯС0
32252.opus,7 ФЭ470
32253.opus,ДЗЗ7И 9
32254.opus,Ы737
32255.opus,Р5Р0ЗЯ
32256.opus,ДЗ#4Э 4
32257.opus,7ЪЩ8ФДЗ
32258.opus,1Ж2ГЛ5ТЬ
32259.opus,8 5Ж4ТЯЧ2
32260.opus,1567
32261.opus,АЦС70Т6ЩА
32262.opus,ДЗЛ 927
32263.opus,ДЭД97ХЧ9
32264.opus,77ЪЫ6Д36
32265.opus,8Я АЗ АБ ЬИ7
32266.opus,4А37 Б7
32267.opus,Е5Я2ШЯЗ
32268.opus,Л 4И7И0Ч37
32269.opus,19 ЗПТ87
32270.opus,4 Ь6ЭИ3 Е7
32271.opus,5936Э6О
32272.opus,Й Ш9 БК8
32273.opus,5 943ТЧ
32274.opus,1Я2А9
32275.opus,005Ч79 Г3
32276.opus,129ЭЯМ
32277.opus,4095ШЛ
32278.opus,8Щ1
32279.opus,Ю Ш7
32280.opus,74И81 И8ДА
32281.opus,ЙХЮ Б7И44
32282.opus,ЪЮ6000
32283.opus,Т9 ЧЛФ0З
32284.opus,Н7П805
32285.opus,02 Ч2Д
32286.opus,Ю СО9Е#Я
32287.opus,Р746Ц58ЪЗ
32288.opus,СЦВЩ84Р
32289.opus,2Ъ70 Ю
32290.opus,8Л8Я 
32291.opus,#АК678
32292.opus,0ЛЕПАК#А
32293.opus,777СЬ6Ш
32294.opus,1С 2Ь 
32295.opus,52979
32296.opus,А7УЩЮ6Ж Щ
32297.opus,0ШЩ6ЬХ
32298.opus,6П #КЖ
32299.opus,ЪЯЙЫЪЬ
32300.opus,Н9467ВЭ7
32301.opus,ЕГ5Ч6З7
32302.opus,ЪН 59ЬМД1
32303.opus,ПИ0ТЧ 6ЭК
32304.opus,80ЭЗШТ0Р
32305.opus,Н478Ч52
32306.opus,5Ъ8ЪЗ2
32307.opus,178ЕЮА9
32308.opus,ЛА0Й3Л
32309.opus,9ЮЗЫЦЖХ
32310.opus,103У0А
32311.opus,9Й573НХ3
32312.opus,8ЩКЩАФЛ
32313.opus,О6ЗФХ09
32314.opus,5723Г
32315.opus,520#5Я
32316.opus,З58ГСЗ0О
32317.opus,5ЧЙ87Ч5
32318.opus,Ю08 М9И9
32319.opus,5ЮТ79
32320.opus,КЯ8З062
32321.opus,05А6Щ5
32322.opus,4С3А 87Ш
32323.opus,88З773
32324.opus,ЗК0ЗЖЗ4
32325.opus,З27Б 7Я Ш
32326.opus,78 9815
32327.opus,1658ЗЩЮБ
32328.opus,58Ч 6Э5
32329.opus,Ч78АТЫ#Ж
32330.opus,П С7ЧЮСЗЭ1
32331.opus,7 З4Ч
32332.opus,12ЪС5Ю4
32333.opus,#8ИЦ4Э4
32334.opus,РПЩГ77Ъ
32335.opus,ЩЬД#НЛ7
32336.opus,Н4 8Ч226З
32337.opus,0ЗЗЩТ6ИЗ7ХД
32338.opus,АДФ А9ФЫ
32339.opus,ЕЩ7ЗИ3ЪП
32340.opus,ЬТШ5ЩЧЪЗ
32341.opus,А623ЭХ
32342.opus,ЫК7И68З
32343.opus,Р5Ъ2 0
32344.opus,4КБШ3ЗЪ
32345.opus,РЛУОТМГМЮ
32346.opus,9ТИ7БН0Р
32347.opus,1 ПЭЩИМЗ
32348.opus,Ж5Ю6ТС73Х
32349.opus,2ШБ0А6ИЗ
32350.opus,Ф4З0ЦА0
32351.opus,Ю5ПЯЮ9ЗУ
32352.opus,4К6П1
32353.opus,НИПЪ6ЭДШР
32354.opus,Н47Ш Й Я
32355.opus,426ЭЗ7
32356.opus,НЛА Э6ЧЪ
32357.opus,К87#ФЛ8Ф
32358.opus,87П ЭЙЯ0
32359.opus,Г Б0И
32360.opus,2362Ю
32361.opus,10 5Ы 35
32362.opus,РЬДЭС ШВЖ
32363.opus,5КДЗ43 Л
32364.opus,1ЛЕЦЛ2ЗЭИ
32365.opus,ДМЧА75
32366.opus,5Д7БЧЗ
32367.opus,5Л18ГФЩСВ
32368.opus,80ЕВ62ШНА
32369.opus,203З3
32370.opus,73675 5П
32371.opus,46601
32372.opus,77СТ6И0ЮЦ
32373.opus,5529Т ЩЬ5
32374.opus,892ВЪ3З
32375.opus,НЩАЦ3З5ШО
32376.opus,ПДФ7ШЙ
32377.opus,Л ЭЕА186
32378.opus,Й1ДТКЩ
32379.opus,Ч6 Ю78СЗ
32380.opus,З ЗЩЧЪ5
32381.opus,5297З
32382.opus,Д 0 8
32383.opus,Т7ЖОЛЬ9
32384.opus,ЛС 874НЬД
32385.opus,Н6АРП6ПЯ
32386.opus,47Щ Л13
32387.opus,ЩАГ3 41
32388.opus,8КШЬ
32389.opus,Н80ЭЭИ2
32390.opus,5СЗАФАБЭ
32391.opus,ЗПИЗХ2Л2
32392.opus,7ЪИ 52 ЮЙ
32393.opus,1Х2Ш5
32394.opus,З3ЛЗК5ЩЗЯ
32395.opus,ДЯ9Ж0МШ
32396.opus,Ц 2Г5 8
32397.opus,РЗ05Б Э5
32398.opus,88ЧМ1
32399.opus,З6Ъ968
32400.opus,4 Я78 П
32401.opus,5ЧВ78ЗФ
32402.opus,1ЯЧ7БЭ57
32403.opus,Т8 1Э587
32404.opus,9И7Д0
32405.opus,8Щ6М5А70ХБ
32406.opus,8БЧЯ6ЩЯ
32407.opus,9БАШ8ЖШ
32408.opus,66 6Щ7ШРБ
32409.opus,7А9ЖЙ02
32410.opus,7Ш3ЗАЦРА
32411.opus,Ш20#7
32412.opus,0 Ъ ГЮ2
32413.opus,58Э ЮТ0Р4
32414.opus,ОЭХЯЭЕЖЪЕ4
32415.opus,ЬИЮ9ЭЕТ6
32416.opus,10МЗШХ Ф
32417.opus,6 ЖШКШТ0
32418.opus,ЯЗШЗ2 Ь
32419.opus,8ТЧ6Ч ЦХ
32420.opus,НЗГ МВ6
32421.opus,7Ш ЮЫ
32422.opus,ХЮ ХЯ6З
32423.opus,З754КГЖ6ИЗЩ
32424.opus,АК20ЩБ
32425.opus,И8 ЦЭИ63
32426.opus,ШХС8Ь2ЧВ5
32427.opus,1 З52Т8
32428.opus,Л0П ЛЯК6Ч
32429.opus,З3 2
32430.opus,8ЪЗЯ80У
32431.opus,192ЕЮА6ЩХЦА
32432.opus,АЯ0 ИГ
32433.opus,5 Б77З7
32434.opus,Х2ТЬ Ф ЖД Ш
32435.opus,10ЪР
32436.opus,6Ю0ЗВ
32437.opus,ЕМЬВЯ8С7
32438.opus,04ШГА6А
32439.opus,587Ц5ЦЕ
32440.opus,Я 7ЯЧЗПЮ
32441.opus,ФЛЗ5 6Л0
32442.opus,Д6Ш3Т Э2
32443.opus,ШИ Щ3Й7Ш
32444.opus,ТЧЯКФЙ
32445.opus,З75ТШЮ#М
32446.opus,ТШЗЯЮ
32447.opus,7А 6
32448.opus,9РУЯРЭЙЬ0
32449.opus,887ЪЫЪ
32450.opus,8ЧЛ ЗШ7
32451.opus,З48 ГФ
32452.opus,18З28Т
32453.opus,7ЗЩ7 ЕЪ
32454.opus,8КТЯ0 Я
32455.opus,МЩТЗЮАРП074
32456.opus,150ЩБ4И 
32457.opus,1ЮТЬ7Ф
32458.opus,8ЯЪИ Л07
32459.opus,1ЪС Ч9Ш
32460.opus,Е6Ч 3У
32461.opus,8ТЪ04А9
32462.opus,85ЗЗЭ
32463.opus,Е3У ЙМНЙТ
32464.opus,ЗЕ4ЩЫЙГ#
32465.opus,ЛП7600
32466.opus,НДЩ0ЭЖ
32467.opus,667СО4Ш7
32468.opus,ЬБ4Ъ72Ш
32469.opus,3ЧЗГЪАЙ 7
32470.opus,ЗК2ШД
32471.opus,46873 М
32472.opus,Г5Л6ГЩ2И
32473.opus,9 7ФА05
32474.opus,0 75АЩЭЮД
32475.opus,3Ъ Э5ЪЧ
32476.opus,ОЗВКЬ2Ж
32477.opus,01ЮЗК
32478.opus,4 9Ф ЛШК0
32479.opus,77О0ВЗЦ8
32480.opus,З6ШГ602
32481.opus,8 АРУ К 2Ч
32482.opus,З36Ж89 5
32483.opus,8Я1Ь8П
32484.opus,893А27
32485.opus,8ТИЗХЗТ 2
32486.opus,6Ъ ЦЪПЭ
32487.opus,87357ТШ
32488.opus,Л АНЪ7ЬМ
32489.opus,Х0ЛШ0Т6Э
32490.opus,5780А8Ч
32491.opus,8ЪИЭ06
32492.opus,НЧЬЬДТ6ЕГЪ
32493.opus,77А09 
32494.opus,46Ш5У 5Ф
32495.opus,Л78В61
32496.opus,76ЧАХ4К8Э
32497.opus,8ЛТШЮК
32498.opus,1Ь Ч76У#
32499.opus,22Ю06
32500.opus,77З1Э
32501.opus,085К
32502.opus,НБЛЩ492ШК
32503.opus,АЫ4З 9ЭЫ
32504.opus,НЭЛ78Ю АШ
32505.opus,ЕЗЩ5 
32506.opus,4ЩЬ И0ШЗ
32507.opus,8Х2 ЕЧ
32508.opus,ТГЧ Я5
32509.opus,7 Й690
32510.opus,АИ80 СЩАДХ
32511.opus,9 6ЗЭШШ7П
32512.opus,ГБ8 З2
32513.opus,ЫИ4Б0Й466
32514.opus,5 ПЯ5ЦЗ8
32515.opus,НЗ2Щ49 А
32516.opus,Щ8Я6ХВЯО
32517.opus,ГВ Э5296
32518.opus,274 ДЖЩШ
32519.opus,З26Л0З0
32520.opus,8Д ЦО
32521.opus,9Ж 2Е3Е30Т
32522.opus,7 ПХ#БЪ
32523.opus,92ВХАДШ
32524.opus,Ц7#Ю7525
32525.opus,ЗИЛ05РИАДХ
32526.opus,8ФЪЯЫ
32527.opus,09И РЮ45
32528.opus,4ЦЭ75ГРЙХ
32529.opus,КС6Ч9Ф1ЦС
32530.opus,7 02Т63
32531.opus,ШПХ10ЗЧФ
32532.opus,58Э3#Т9Х
32533.opus,29Я9ЭС
32534.opus,0Я РЩЧ3Ж
32535.opus,ИТ9ЖЦА3Ю
32536.opus,ЖЭ2МДЛК#
32537.opus,ШЭПГЪЗ
32538.opus,Н6З5О 2
32539.opus,ЮРЭ7Б3Ю
32540.opus,ШЗЬИ6ИЬК
32541.opus,1 747 3
32542.opus,8ЛЗ4Э
32543.opus,0#П39
32544.opus,Х6ЗЭХ5
32545.opus,ЕШ5ЧИНЗ
32546.opus,ХХ8ЦЗ6
32547.opus,ЦСШЩ897Э
32548.opus,3У#Х4
32549.opus,ЗИЫ5605
32550.opus,5#ЦЛ2ТЙ
32551.opus,107Ц
32552.opus,ЛИ0РЧ3
32553.opus,5О Ч 
32554.opus,9#0Д54П
32555.opus,79С0РЗ
32556.opus,748З8С7
32557.opus,ОЙЩ0#Г
32558.opus,МВЛЗГ27
32559.opus,З8ЧЪДО8
32560.opus,А702С
32561.opus,93ЩТЭЧ
32562.opus,793ЗХ2
32563.opus,628Щ6ЛВЯ
32564.opus,17ЩШ40
32565.opus,#Ф Щ4
32566.opus,ЬК8ЯГ
32567.opus,Б7ЧЧХТШ З
32568.opus,О9В3Ш
32569.opus,ОИ7Ф0ЮЬ
32570.opus,9#З7ДТЯ
32571.opus,1 ИШЗ9З
32572.opus,МЧЭ5ЧЮЩТ8
32573.opus,#5ЦЯРЗ
32574.opus,ЧЭЩЬНАЬ
32575.opus,ЗЛ5Ч3#Б
32576.opus,ААТ82СБ
32577.opus,558Э527
32578.opus,19ШЧХСЯ Ж
32579.opus,78 2ЮИ3Б
32580.opus,8ЩДБЮГЯК6
32581.opus,АЩЮ67Ъ
32582.opus,Т85834
32583.opus,7 Ъ СШП3
32584.opus,463Ж770
32585.opus,З8С6
32586.opus,АЩША ПСП
32587.opus,Н685Ю56Т
32588.opus,ААЙБ90
32589.opus,5ЮЧЬ
32590.opus,89Я353
32591.opus,Л25Д#3З
32592.opus,7532 Ъ34Г
32593.opus,2ЫЧВ4
32594.opus,5 5164#8
32595.opus,5Я69
32596.opus,8#78ЩЦ
32597.opus,Л63ТЧ
32598.opus,51ВС73М
32599.opus,76З09ЛЭ
32600.opus,Л Д7ФРЛ
32601.opus,ЗЭ37ШЦЭ
32602.opus,7УД ЩА2Ш В
32603.opus,1Ч4Ш7
32604.opus,8ЧЪШ6 73
32605.opus,Ш5К 20Г 2А
32606.opus,Ю ФЗМ60
32607.opus,ИЦАСЩЛ9
32608.opus,7#ГВЫ5
32609.opus,53Щ 84
32610.opus,9З0Ж#ЪЯ
32611.opus,ЗЭ3Й8Ш
32612.opus,ЛЯ 1З6Т0
32613.opus,ЗДЗ2 ЛФ
32614.opus,ЗЛ672#Ъ
32615.opus,8Т# ЦЭ
32616.opus,9ЮЮ4Л48
32617.opus,80 Я0
32618.opus,4Д8И7Ч2
32619.opus,Л55МО54
32620.opus,0108
32621.opus,Т943ФАТ6Б
32622.opus,Т6ЕЯЧ ЩИ8С2
32623.opus,8Ж6ЗФЖ Ы
32624.opus,04ГЭЬ ЪЦ6
32625.opus,79В9857
32626.opus,З Ю4ЗХШ
32627.opus,НЗ09ЮА8 СБ
32628.opus,Л Э# Б9
32629.opus,9 1Ы
32630.opus,АЬЧЛИЯТЫ
32631.opus,Й972Я 
32632.opus,5443ЙТ
32633.opus,8Т4З10
32634.opus,76Ж В38
32635.opus,10 Л
32636.opus,Т52Г Щ7
32637.opus,0Ж2Ж 6ГЩИ
32638.opus,77ЛШ7 Й9
32639.opus,7 Ы
32640.opus,9 9Ъ6Э
32641.opus,8#Ю7Ж687Л2
32642.opus,ДЗД ЩИЗ8О
32643.opus,1Я 73Ш
32644.opus,ЮПИШ Щ2
32645.opus,#8 Ъ3
32646.opus,М7Б2И8Ь0
32647.opus,О3ЩШ ХА
32648.opus,МРХЛ 6472ОУ
32649.opus,С519 К6
32650.opus,Л373Ч1З
32651.opus,А ЩТ9 ЮГ
32652.opus,8ФЪ 8Щ
32653.opus,7 ЩШ1Ч
32654.opus,АДЗВДР4Ф
32655.opus,Ш027НШ74
32656.opus,766С834З
32657.opus,О3ДЮСА ВЯ
32658.opus,А8КД5Ш#
32659.opus,ЧЛГЪЯ2
32660.opus,Ь0МТ4ТЬЗ9
32661.opus,Х7МЬЕ З5
32662.opus,АЗЪ 5ОЭ
32663.opus,8ИЯСП4ЮЛ
32664.opus,9ЧЕД4 0
32665.opus,ЕОШ5453Ж5
32666.opus,79ЖЧ9ЛГ
32667.opus,47Ч4ЬЗ
32668.opus,Ь4РЩНАЗЮ
32669.opus,2М5Д9И4НЧ
32670.opus,ЬКТ0Щ8 Ч
32671.opus,0ЛА 8Ф
32672.opus,07ФЭХО 2З
32673.opus,Ь 6Я0ЪЕЮ
32674.opus,М09ЯДР2А
32675.opus,Н2Ш#К5СЗ
32676.opus,1К879Х
32677.opus,8З7ЩК
32678.opus,1О3Ю
32679.opus,ЬИЗВЬЬФЛЧ5
32680.opus,РШ2СХД5У0
32681.opus,4М БЩ43
32682.opus,5Щ 82 6
32683.opus,А ЪЭМ0ЬЬ
32684.opus,798ЖВ6Щ
32685.opus,8549ЪА
32686.opus,739Ъ
32687.opus,Ю0 6Щ 0
32688.opus,НЬЩ299З
32689.opus,ЗЛ3 0К5Ц
32690.opus,1 0 59З
32691.opus,18АГСЗ2
32692.opus,Н5 9З3 2
32693.opus,1 2МЧ8Ю
32694.opus,РШЗГ4ЗЯ
32695.opus,АЗ8892
32696.opus,19 Г ЛЗ2
32697.opus,РЮ2ЩЗ
32698.opus,Н 82Ч92
32699.opus,77ЪЪГЗ
32700.opus,ЬЮЗ87ЦЙ
32701.opus,НЖ4Н 3
32702.opus,ЛВС6ЬДЗ7ЩИ
32703.opus,78ВЩ3ХЗР
32704.opus,1П3 ШП
32705.opus,5ШЦ77 2
32706.opus,57О0Ч8З
32707.opus,877ТК
32708.opus,81В6П
32709.opus,4ЮЗ27П5Й
32710.opus,83С6Х89
32711.opus,ФЮШ785
32712.opus,578А КО
32713.opus,2Ц75Х
32714.opus,ЗЩЮШ7 7ЫУ
32715.opus,Д 3 69 Ш
32716.opus,095Ч1ЭФ
32717.opus,ЗЮЦ4ТЗЭ0
32718.opus,9ЛЪК7
32719.opus,Д8В Ю2 Ы
32720.opus,2 ЦЛР3ЮДХ
32721.opus,6ЛЪЮ
32722.opus,Г З70Х Ш5Ж
32723.opus,ФЛ 4#07
32724.opus,ЛЗК9170
32725.opus,4АОЧУЩ6М
32726.opus,ХЗЩТЧЗ
32727.opus,Л8И Щ8 ЪХ
32728.opus,0ШЧИЧ
32729.opus,8ШЖ6АЪ
32730.opus,СИЗХ6
32731.opus,7ХЗГ677Ж
32732.opus,Ю4Б085В
32733.opus,6ЛХЗ2 8
32734.opus,74Ч А77 Г
32735.opus,10 С1КД П#О
32736.opus,593 С52
32737.opus,7Ш6А М
32738.opus,ЙЪ0Ж 9ЕЬ
32739.opus,75Ш2СЯС2
32740.opus,Х5КТЬДЦ0
32741.opus,10ЗА Ь
32742.opus,80# П5Э
32743.opus,ЛЛЪШТА8М
32744.opus,06О 59Й
32745.opus,Н6ЖЬ9 А8
32746.opus,7 ЭХ78
32747.opus,09 Г3
32748.opus,ЗУ З25Г1
32749.opus,А9ИШС0
32750.opus,1ЛЯЗЖО6
32751.opus,937Х ДЭ
32752.opus,4БШ7
32753.opus,9И0У В4 ЗМ
32754.opus,ЦФЩ886
32755.opus,42ЧЮ4А
32756.opus,4ЯЧЪЛ7Я
32757.opus,722 57 
32758.opus,А2 КШГ Я
32759.opus,Н С4Ъ3ЗИ
32760.opus,Р73 6Ш
32761.opus,9Д0 06
32762.opus,Г Э ЩЪЖЪЭ
32763.opus,ЮМГ4Т А 
32764.opus,М Э#575Ф
32765.opus,ШЖЫХ3ЪББ
32766.opus,ЛЧВ5Ш82С
32767.opus,07Ш6
32768.opus,ФУ6ЩЬЗГ
32769.opus,НВ008АЭ
32770.opus,507 Т6М0
32771.opus,200З0
32772.opus,50 А66
32773.opus,Е33ЧЙЭ
32774.opus,5И 9ЧЮИ3
32775.opus,О732Ъ 6Ж
32776.opus,1264П
32777.opus,А77Щ0
32778.opus,1АЙЬ8Л48
32779.opus,ДХЗШ4Э50
32780.opus,4Ь2Ф25 6
32781.opus,З2ЖМ374Т
32782.opus,ОФЭЖГЯ
32783.opus,1ИЩ142
32784.opus,ЗГ5ЕЧА9Х
32785.opus,1АЧ4ОЦ72
32786.opus,Н ЕШ8Я
32787.opus,1АЯ 8#
32788.opus,ШХ7БФ17СЫ
32789.opus,ФВ879Ш6
32790.opus,85Б7#О
32791.opus,1Ы3ЗЩ
32792.opus,7 7Ю20Д7А
32793.opus,1ГНЦЪ4Я
32794.opus,Т7А0ЧЛБ
32795.opus,З3ДСАЙ9 8
32796.opus,50ТМР Й7
32797.opus,АЙ36 З
32798.opus,1И0ХЮР85А
32799.opus,8 404
32800.opus,Х95О7 Ш
32801.opus,1 И ШЮ
32802.opus,70БЬЖ
32803.opus,З55ЩЫ67
32804.opus,5ЬФНЗИ0Ш
32805.opus,58И358П
32806.opus,С ЗП Е06Л
32807.opus,Р57О58С
32808.opus,ЕН0И35З
32809.opus,НШД479
32810.opus,М6ЛВЬХ3Л
32811.opus,Л7Ч0Ж73
32812.opus,1#49
32813.opus,С63 2 Ч
32814.opus,Л5Д1Ч5Т7
32815.opus,8ДЯИ Й5
32816.opus,5 ИТ50
32817.opus,НЬБ089
32818.opus,ЗЗЧАЮ 7
32819.opus,#3777
32820.opus,Н46ЮШЖ #Ж
32821.opus,2657Ж77Щ
32822.opus,54Ь В55
32823.opus,АВ8ЧШ
32824.opus,55ДР2250#
32825.opus,В87ЬТ67СОБ
32826.opus,73ВХЮЗК
32827.opus,8МЛ2ШЭАШЖ
32828.opus,Х К3З4
32829.opus,984ШЛ М
32830.opus,ССЪЙ3З5Ч
32831.opus,Т8ИН2 А2#
32832.opus,4П9ФЬ
32833.opus,4У2ДЧЗ0
32834.opus,8194ЛЩ04Ж
32835.opus,З7 Й5
32836.opus,Ъ Ж8И8У#9
32837.opus,99ЪЯ6
32838.opus,71З25 
32839.opus,65ЧЩДЮ
32840.opus,19ЯЩ87
32841.opus,316З1С3
32842.opus,2334Т5
32843.opus,ЛЕ0Ц74Х
32844.opus,6#6ЩЧ П
32845.opus,8ВЖЮМ6ЬЫЧ
32846.opus,62Щ 97П
32847.opus,8Н1ИТЧ5
32848.opus,ЩД7ЬП
32849.opus,73У9Л1
32850.opus,Й6Э741
32851.opus,ЛОЛП П Ч
32852.opus,Л7#Л78
32853.opus,ОСЙШ 9
32854.opus,ЛЬ0ЖШЩ#6
32855.opus,З2ЬН29
32856.opus,77И#И73
32857.opus,7Ф Т 8
32858.opus,НБ83Ж8ЗЮ5Х
32859.opus,Е 7М
32860.opus,Л1И8К0ХВЪ
32861.opus,Ь792З7
32862.opus,7ГТ А6Г9
32863.opus,087О06
32864.opus,87ЩУЯ4
32865.opus,48ХМЧАН
32866.opus,58ЮТЬТО Р7Ш
32867.opus,З#З9ИСГЭ9
32868.opus,П4ЛП8ЗАГА
32869.opus,207 Ч35
32870.opus,Н7ЬУЗ2Д7
32871.opus,ЗЧ62Ч8Щ
32872.opus,Н64929
32873.opus,8ОШИ7Ч00
32874.opus,П8Ч ПЖТ
32875.opus,46ЮХЛСЗ4
32876.opus,2ЪЩЦ0С7
32877.opus,9ЕВ93ГЮ
32878.opus,Ч3Ж ЬХ0Е
32879.opus,540 87Ч
32880.opus,Т7С 56К
32881.opus,ЦЮРЭГАСЯЯХ
32882.opus,77Щ1Ъ
32883.opus,Л ЛЮЕГЧСЮ
32884.opus,ОЗ0А899
32885.opus,АЛ29С0
32886.opus,1Ь6Е8ЬШ
32887.opus,Т957ЩБЬ
32888.opus,50ЭЯА
32889.opus,4ЮЙ8ГС2Ю
32890.opus,7Ч4Ч6ТЗ
32891.opus,9Д763ДГ
32892.opus,008ЮЬ
32893.opus,Й Ч2Х3ЛРЩ
32894.opus,Н7 73804
32895.opus,ОЭЭЮЩХ3
32896.opus,7 6 Х9
32897.opus,НПЮЗ
32898.opus,29З93Ь
32899.opus,663Т8Ю
32900.opus,750 ЩЭ
32901.opus,1 3Г29
32902.opus,ШФЯЩИП9
32903.opus,А6ФА18
32904.opus,Т8ИШИМЬ5
32905.opus,ЗЖБЛД3Э3
32906.opus,ЗЪПФ1Щ
32907.opus,ЮАЩ5ЦЭ
32908.opus,70ЩЩ
32909.opus,АШЭЗЬ 0
32910.opus,5Х8ПЭ8
32911.opus,5ЧЭЮ2#ЩАХ
32912.opus,Ш0Д5ХПЕФЕШ
32913.opus,0006 9
32914.opus,Н6ШХ058
32915.opus,ЗЧ9ЩЧ5Щ
32916.opus,З2Ъ2ХЫ
32917.opus,1 2БЩЬ65
32918.opus,7Ю Ч50 Д
32919.opus,9У7687
32920.opus,Р4 ШЭЙ6
32921.opus,ТЗЖИЧ6 Л
32922.opus,Н5073Л2Ж
32923.opus,О22ЭЧ5Л3
32924.opus,ЗЗ1ЗР 5
32925.opus,5О7285
32926.opus,А3Д6ДА
32927.opus,ПЧЯД25Я
32928.opus,ЦС Ч4ЗЛЗЬ
32929.opus,62 Г#З2Ч
32930.opus,6 Э8ИЧА
32931.opus,80Г
32932.opus,3 ЫУШ9
32933.opus,АДЮ2Ц3З#Я
32934.opus,1904
32935.opus,ЗЩХЯМДУ
32936.opus,7#Г6И97
32937.opus,18П9 5Ж
32938.opus,НЪЮ3НР7
32939.opus,ТФ0ЩХ7Э
32940.opus,Д87354НДА
32941.opus,5 ЖР98Я
32942.opus,ЗЗЗА72 8
32943.opus,90 6
32944.opus,7ЭГ7ЭЖ4
32945.opus,7ЪЬ ФЮ
32946.opus,5 ЩВД0
32947.opus,72Ж0К5
32948.opus,10Ж ИЦ3Ъ
32949.opus,78И74 82
32950.opus,Б6З07Ю5
32951.opus,СШРЩЫ27
32952.opus,14С7
32953.opus,04ЛЮФЩ4
32954.opus,66ЗЮ5Ю
32955.opus,ЗВРН8ЩЭЬ
32956.opus,Ю5 8 ЛАНЮИХ
32957.opus,9Й5ЫЪ 
32958.opus,ЫС8ЭАЭ16Ю
32959.opus,АДЭЕЯ6ИТЗ7
32960.opus,#609 Б
32961.opus,ЩЭЧ7У2ОС
32962.opus,5ИЬИ0 БЧ
32963.opus,8Т61Ж2Л
32964.opus,ОЯ87784
32965.opus,2ДЭА75 К#
32966.opus,6ИЯ6ЛЗЮ
32967.opus,ТЧЙЩАЩ6Ю
32968.opus,С02Ц0Н
32969.opus,Н Р0О
32970.opus,97ЪЭ22
32971.opus,82Ч СЦЗ7
32972.opus,З5ТПЭТ35
32973.opus,НМ7ЧХ739
32974.opus,З73ШБША
32975.opus,4ШГ8ЬТЪ
32976.opus,З3Т6ТФЗСВЮ
32977.opus,ЬВЗЩИ11
32978.opus,1ХЮ0И8И4
32979.opus,8Щ7
32980.opus,НШФЗГФ 8Ш
32981.opus,ЛЮШ6Щ0Ш
32982.opus,АЗ82ИЬ
32983.opus,099ЩЮАЖ
32984.opus,897Щ48Э
32985.opus,Л2ЖЩТ ЧШС
32986.opus,0Ч93ШЮ
32987.opus,НЧ7ЭН2Б
32988.opus,ЩХ6 7Ъ
32989.opus,5#Б25ЦДХ2Д
32990.opus,Щ0ИТЦИ3ЛУ
32991.opus,4НЮ ЖК5ЮЧЖХ
32992.opus,9ЗЯБЯ
32993.opus,77#ЗЪ68
32994.opus,798ЦЮ#
32995.opus,3ДЯЯЬ5
32996.opus,1ЫЦЮД5З
32997.opus,75Ч 1Т
32998.opus,1ХЗЩАДБЧ
32999.opus,ФФ7189
33000.opus,29##
33001.opus,00ЪДЗ
33002.opus,АЯЫИ9ЧЧ3М
33003.opus,1 ЗЭ6Ш 9
33004.opus,АЩ 8АЛ
33005.opus,17У06ЕЧ
33006.opus,3Ц81ПЛР
33007.opus,ТТ0ИО8Ф5
33008.opus,ЗЭА6ЭИ8
33009.opus,НРЩЬСФ АН3Щ
33010.opus,З0 168
33011.opus,АЧ#Ь03
33012.opus,И8 6Д
33013.opus,0Г3ЮШ
33014.opus,ДЗ66А 73Э
33015.opus,0Ш5К КТС7Г
33016.opus,СШЦШНЗД#
33017.opus,85И8Б НЩ
33018.opus,46ЙЯ Ц
33019.opus,4ШЖИЭЛ7
33020.opus,ДЗ 82М0
33021.opus,12ЩШЖ
33022.opus,5С9 ЗЛ 
33023.opus,Н Ш9ЗЩ
33024.opus,8 Щ7Е784Ш 
33025.opus,4Ш4Ш0
33026.opus,8Х8ЯЭХ45Ю
33027.opus,7Щ9Ц
33028.opus,З З0Ь6П1
33029.opus,ЛИЪ0Б38
33030.opus,833Б
33031.opus,Ц680И1
33032.opus,84 ЮФЕФ МЗ2
33033.opus,8О5Л ЪТ0
33034.opus,7#У8БТ
33035.opus,40Д6БШКО
33036.opus,87ГЯВЖ8
33037.opus,5З##
33038.opus,4Ц ЭДЩ4
33039.opus,Л78В5В
33040.opus,895676
33041.opus,ЧНЪ 697
33042.opus,750705Ж
33043.opus,ЪХ# 78Э
33044.opus,Л9 О46
33045.opus,79Э08
33046.opus,1У1Ю1ЖЖ
33047.opus,1СЬТЧГ6СЩТ6
33048.opus,17ДБ2 Б
33049.opus,4 ХДШЯ5 З
33050.opus,0Щ6Я47
33051.opus,804М9
33052.opus,Н94ЬМЭ2
33053.opus,ЛЛЦЮ АЖЭ
33054.opus,З8Ю7ЯЛЧ4
33055.opus,О706 675
33056.opus,2 Г5ЯЩЖЮ
33057.opus,5ЖВЗЗ0З
33058.opus,ЗЖЭУ2ЦАР
33059.opus,НЗЮ ЗИЗ 
33060.opus,5ЗВ# Ъ
33061.opus,О5 О3АЗ
33062.opus,7А6 Ъ 
33063.opus,ЙД6ЖУМ8Щ
33064.opus,# ЛЖМ9
33065.opus,1Щ Ж#Ю
33066.opus,5 ЛЖЫ50П
33067.opus,ЛЗ76Ъ7
33068.opus,Ш7С4ХЯ
33069.opus,НХЮ7
33070.opus,АЗЛ379
33071.opus,7ЩЬЫ72
33072.opus,ЗВИЛФЭ7ЮБ6Ю
33073.opus,И6 ШВШ
33074.opus,8ЪЮ57З
33075.opus,ЬТК9Э0Б
33076.opus,Н3И2 ЛИ8П7
33077.opus,Т9 86ЖЪ
33078.opus,З Ф ФМ8Ш7М
33079.opus,44ЗЩ7П3З
33080.opus,5Э43ПС
33081.opus,Н7 ГИ ПЖ9ТА
33082.opus,А0Э7УВЩТЩ3
33083.opus,ЕЭЗЭ 
33084.opus,ФЛ1ИЩЪ
33085.opus,ХЫЖА0ЛЛЗ
33086.opus,НЗЛ7Я
33087.opus,1Д587
33088.opus,ХКЧЯЗУГР
33089.opus,5 #Т7Я2Д3
33090.opus,7З5312А
33091.opus,8 4ЧА1Х7
33092.opus,1 П 362#
33093.opus,7З1Щ6АЦ
33094.opus,ЛШ407 Ч
33095.opus,43ЮЫ#8
33096.opus,ЗЧИЬ8З7
33097.opus,80Ж5934
33098.opus,Г75ЩЧ5Ъ3
33099.opus,5 Ь8ЗЧ
33100.opus,ТШР5ЩЮ4Ф
33101.opus,ЬРЬ4ЪО6
33102.opus,005ШТЗЕ3ЖУ
33103.opus,ЩЬСЖ6А0
33104.opus,Ы8УБУ92
33105.opus,ДЮ АБ3С32Г
33106.opus,Д5ЦЮ39ЖЗ
33107.opus,079С0
33108.opus,ОЧ77ЖЪЫ
33109.opus,ЬГ# Ц7565Ж
33110.opus,473ОЩШЛ
33111.opus,РНФ3Ч
33112.opus,9КТ82И3У Д
33113.opus,АЩ0Э5З2
33114.opus,7ЗРДЬЭ80
33115.opus,ЛБКА82Ю2
33116.opus,7 Ч7 Г30
33117.opus,Т9Л Ш77Ю
33118.opus,150Ъ29
33119.opus,Х0И4ИСВ0Т
33120.opus,8ЪЩ9Я6 К
33121.opus,12Ж 0ШЗ
33122.opus,ЛИ2ГЬ 3Э
33123.opus,ПЬ 497
33124.opus,ЮИГ3582ШЛ
33125.opus,АШЯЪШАЩ
33126.opus,О Ч7С8В
33127.opus,ЩХ2ЧИЗ2ЪИЗ
33128.opus,О3К9 Л
33129.opus,8593 67
33130.opus,А7ЭЩХЯ ЮП
33131.opus,ЛЮ 6З67
33132.opus,Л4И29Д6
33133.opus,80АД658
33134.opus,ЮЛЭИ6С Э
33135.opus,АЮЗЮ49ИЩЦ
33136.opus,7З2С3ЭЛШ
33137.opus,ЗО482ЬРФТЫ
33138.opus,Т94Х 7
33139.opus,5Ь 6ХЭЗХ
33140.opus,5#ЖТЪ
33141.opus,ЛР9Я А50
33142.opus,ЛЭГ2 М0
33143.opus,8Ш #Л6
33144.opus,ЛЛЕ7791Х
33145.opus,56ЦХИ0ЩТЬ
33146.opus,1ЮЬ6Я5
33147.opus,5ЦЯ6Ш4
33148.opus,ООЗША
33149.opus,74Х ЦА2
33150.opus,ДЙ6ТЗЪЩЦ
33151.opus,5355Ш
33152.opus,Л46 ТХИШ
33153.opus,НУА9Ю Б0
33154.opus,ШБЗЗЯ8
33155.opus,49Ж4ЪПА
33156.opus,Р71Д0 67
33157.opus,З35633
33158.opus,Н0#8Ю5
33159.opus,6П ФАЧЖ
33160.opus,Щ#ЗЭ2Ш7
33161.opus,ЮБЧЖ754Г Р
33162.opus,ШЩБАЬ4 
33163.opus,8ЩЩ25Ь
33164.opus,Н6К5ЙЗЯЬШ
33165.opus,2 3ФЛ04Х
33166.opus,5О79 ЮКЮ
33167.opus,РЧШ6ЯШ0
33168.opus,96Ъ 3Ь
33169.opus,Е0ШТ5МЗ6
33170.opus,ЦЮ0Ч9Ю
33171.opus,ЛЯ5#АГ6К
33172.opus,ЦА8АЫ
33173.opus,Й#49Ш
33174.opus,4ПХ5ПЗП2У
33175.opus,4ХКО#7АМАГ7
33176.opus,70ШЯ2
33177.opus,ПХНЭ#М
33178.opus,0Щ47ЕЖ5ЭФЫ
33179.opus,Н2ЩД3024
33180.opus,8 Э9СХ
33181.opus,7Ц2 О8Щ
33182.opus,ЗЮЮЯ2ЬМ
33183.opus,00 0З9Ф5
33184.opus,Т0ИШЩ
33185.opus,1Щ2025
33186.opus,Ъ8Ч1ЩП
33187.opus,54Ч ЩИАЛХ7
33188.opus,З51ЯИЗ0
33189.opus,ЕКМЪЗ
33190.opus,Щ6Г388
33191.opus,ЗЩ6П К61
33192.opus,16 ЭИФ
33193.opus,6Ы0ХНФ26
33194.opus,5С#ХШЗ
33195.opus,Л1 786О6
33196.opus,Т457ЙЬ53
33197.opus,ЛК08Ю
33198.opus,ШЯ2Э
33199.opus,З6ЯТ ВУ0ДА
33200.opus,1#У658Ч8
33201.opus,1 0Щ 
33202.opus,8БЮ Ц2Е7СШ
33203.opus,ЗАЗ3Б8Ж
33204.opus,9#Е25#
33205.opus,НЩПЭА00
33206.opus,ШН 94 Е7
33207.opus,7ЪЛШ7ИТЧ
33208.opus,З7Я0
33209.opus,07Щ08Ш
33210.opus,Т825Ц44
33211.opus,76ЧЮЪ
33212.opus,4ЕШ7Ь9
33213.opus,Т006Щ05
33214.opus,526З Ы
33215.opus,00И 07
33216.opus,8ЕЮ5Щ9
33217.opus,НЪЧЩД9ЗУ
33218.opus,36ЦШ
33219.opus,8ЛП063Б
33220.opus,А95ШЙХ
33221.opus,095 ГЩ4
33222.opus,6ЗД29
33223.opus,ЛЭЛ702Ш
33224.opus,8ЩЕ9ЭХГИЛ
33225.opus,6С7ТЧДИ4 7Я
33226.opus,ЗКБШ6Щ
33227.opus,НЦЮЫЩТ 12
33228.opus,ЗЬХ 7ЩГАЖ
33229.opus,5Б# Ы38Э
33230.opus,НСД2ЖЗ
33231.opus,5ШУ 5ШБ
33232.opus,Й3З7Э9ЕА
33233.opus,Н857Ь5 Л А
33234.opus,13Ф4Ч
33235.opus,ЗЩКД7Б06
33236.opus,87589Ю4Б
33237.opus,Р770
33238.opus,А4ТЮ0 ЧЭ5Л
33239.opus,А 1ЕЧ4 1
33240.opus,ЩШ 7
33241.opus,#ЪЙ3А6
33242.opus,А64Щ7##
33243.opus,83И0ЮДХЛШ
33244.opus,0ЩХ7Ж62
33245.opus,ТХГЭ Щ0ЬТ
33246.opus,853СП
33247.opus,З3АКК98
33248.opus,С 3 ЦЫ8
33249.opus,7НЦ5Ь
33250.opus,8Ш0ТУ
33251.opus,МЙ 082Э
33252.opus,4#57ШЗ
33253.opus,57Д759ИХ
33254.opus,1У1 ЭХБ
33255.opus,7ЖД6Х5ЗСГ
33256.opus,АОХЪЩ88Ч
33257.opus,707871
33258.opus,ГСЬТ ЪД74
33259.opus,АШ5Ъ3Ъ
33260.opus,56Я7Э77
33261.opus,ЛГ 5СПЭ6Ю
33262.opus,0ЖЬЩИЬХ3
33263.opus,9ЩА0
33264.opus,74Ь57ЛИ0
33265.opus,5ЯШ1З
33266.opus,ЗВМА7ЛЮУ Л
33267.opus,А0Я0Ч
33268.opus,ЫЯ8Э5
33269.opus,8К Б Б26
33270.opus,8ЗХ Д Е7Х
33271.opus,88ЗЛЩ4
33272.opus,К#6304Т
33273.opus,Т7ШБЧ А8Ю
33274.opus,7983 Т
33275.opus,З7ИЗ1Ъ7
33276.opus,АШАГ90Л
33277.opus,7ЧП6Щ
33278.opus,80РР7З
33279.opus,П267ЙЦ
33280.opus,7Ч9ИЧФЭ
33281.opus,17ШРЯЩ
33282.opus,Л4Ю75
33283.opus,875ХЗЯ6Ч0
33284.opus,9ЭЪЧФ5
33285.opus,688Я89
33286.opus,8ЕЬ Ж67
33287.opus,Н785ЩША
33288.opus,1ЭАЬ ГГ
33289.opus,ЩФЛ ЪЭАШ
33290.opus,0О36ЫВУ
33291.opus,73Ю Я5Ш7
33292.opus,Л53Ф28ШЯ
33293.opus,5ЬУ8АГ49
33294.opus,84А87 ЛЮ
33295.opus,О8ФЗ7
33296.opus,ЗВИ0Р8
33297.opus,Ю246ШЗ
33298.opus,8 Р5А З3 Ш
33299.opus,7Э7ФДЛ57
33300.opus,79ЖЙ9ЭИ6
33301.opus,88ЧС1 1
33302.opus,ЩЩЛ#К6Л2
33303.opus,ЬК9 В0Э0
33304.opus,ВТ5Щ4ЬЫ7
33305.opus,А5ЯЛЯ
33306.opus,5З28
33307.opus,8И ЯЪИ7ЗЫ
33308.opus,82С517ЯХ
33309.opus,1#ВСЕЗ5Г
33310.opus,ЮЖД 70Щ
33311.opus,09АЧ2#
33312.opus,79 ИЖ9 Э
33313.opus,1907Ъ М
33314.opus,779Е78З
33315.opus,6 74Э2Э Ю
33316.opus,РЗШ2
33317.opus,5ЩИЖ2 73
33318.opus,ДЭГУГЩ
33319.opus,87867Ж3
33320.opus,7Ч1Щ3Л
33321.opus,О4Ч Щ
33322.opus,80Б3Ъ
33323.opus,845ЮГОЦ#0
33324.opus,З8Л6590
33325.opus,870РЮ А
33326.opus,5Ю #Ю
33327.opus,5Щ6#З#
33328.opus,ТБ9Я9Х 5
33329.opus,85ЧЭЖ67
33330.opus,З2503
33331.opus,0Л64ЬКТ
33332.opus,57Ч8ЭЪ 3О
33333.opus,7Ъ6БЧ
33334.opus,ФЯЬ 89
33335.opus,ХГ64Ч0
33336.opus,5 #5ЧЯ
33337.opus,А#6Л0
33338.opus,Ч7024 К
33339.opus,1Ъ#54
33340.opus,НВЛ7М3К7Ю
33341.opus,463В6ЩЖ
33342.opus,ОО95Л1
33343.opus,490Г107
33344.opus,1ЦЗЭ 85
33345.opus,1В3Ь3
33346.opus,Т08ДЪРХЬХ
33347.opus,9 Б50ДИ
33348.opus,7А 10ЭУЙ
33349.opus,9Р0К0Т3
33350.opus,9Д 9ШМ
33351.opus,77 Ь 8
33352.opus,РШ871Ы
33353.opus,ГФХ1ТЫЗВН
33354.opus,8906Т0
33355.opus,Ж ЛЩН 2А
33356.opus,ЛЪ Р9ЖЩ7
33357.opus,Т877З
33358.opus,0Ш4Я ПЪ 6Ж
33359.opus,761Э7
33360.opus,3Х4В Л
33361.opus,Р Л0Ъ2
33362.opus,Й20Ш5
33363.opus,6Ж8ФЗ8П
33364.opus,4Г 8 4З
33365.opus,Б И5 Д АЬ80
33366.opus,Л70ИВГ З4
33367.opus,7М73ЯЭ
33368.opus,10А766
33369.opus,А1ЬЫ2И7
33370.opus,З4ЬД7 Ш3
33371.opus,5ЮЛУ0ЦВ
33372.opus,Л7Э5З73Ц
33373.opus,47 2Ф3 Р3
33374.opus,ЫГ2ЯЮ
33375.opus,РЕ46Ж7З
33376.opus,Н84Ц#938 Л
33377.opus,47ИЛ ДЛ2Ш
33378.opus,4ШЙ7ЪЯ
33379.opus,83СЖГ27
33380.opus,4Ы0 ПЭ
33381.opus,ОВ48ЭЭВ
33382.opus,Т0Ж76АТ0
33383.opus,6556ГД
33384.opus,Д#ХЖ09А
33385.opus,1МЫ5ГУИЗО
33386.opus,0ОУ0Ш4 6
33387.opus,Н7 8ЗШ46
33388.opus,АЯТД Ъ4ГА Й
33389.opus,НТ 1Б ЗГЗ
33390.opus,0Х82ИПЪЬ
33391.opus,57Ю4З
33392.opus,ЮЯТЧВР КЫМ
33393.opus,НЩЖНЧ #ЬТ
33394.opus,Д7Ж ЮС5С63З
33395.opus,Ш4Я0ФЗ6
33396.opus,БЭ ЛИ818
33397.opus,8Б50ЭЖ
33398.opus,#ЗЪИ8Г ЛЫ
33399.opus,4Т7ЯФ3
33400.opus,1Т99ЩЬ
33401.opus,40З3Ф А5
33402.opus,5З1АЖ7Ю
33403.opus,9ГЮЭ0И
33404.opus,ШХП7ТДЩШ
33405.opus,82Т 9ЧФЬ65
33406.opus,ЗВЩА#ЗЮ
33407.opus,1 9РГ 5
33408.opus,Ц6 0Ь О8
33409.opus,70Х#05ЮЭ5
33410.opus,З3Р ЮХЩ 9
33411.opus,ЛЗЮ5833
33412.opus,Ъ6Ц88
33413.opus,5Щ0#Т 0
33414.opus,77Ш682
33415.opus,1ЗНИ4 ЛИДЙ
33416.opus,16ЩШЦ5
33417.opus,80Л Й
33418.opus,ЗО5ТГЬА 8
33419.opus,70ОИЧ26
33420.opus,8В7ЗШЗШ
33421.opus,ЧСЮЭ8ШНШ
33422.opus,5ЗУ9304
33423.opus,10 6Ч9А
33424.opus,70МИ2ТН А
33425.opus,Л9Ю9ЦД1
33426.opus,З4СЦИЗ2#
33427.opus,5ЧХЖ Ж#ИФ
33428.opus,1Ш
33429.opus,7ПОФЛТЬ
33430.opus,МЯ6ШФВЗЛ2А
33431.opus,Б03З5ЭЙ3
33432.opus,ЖШСЗЬТ 
33433.opus,6ХБЗЮРЗ
33434.opus,78Щ0 А
33435.opus,7Ю7Ф Д3Г
33436.opus,5Ъ8ЫЬСЧ
33437.opus,НЗЗЩЧ10
33438.opus,ЬЧ 7#З
33439.opus,Н7ЗЮЗИ #4Ч
33440.opus,Ы5А06Л 7
33441.opus,Е ПС23
33442.opus,АЛГЪ570
33443.opus,6ЧПЖ5ТКИ8
33444.opus,8ЪЖ6РАЛ9
33445.opus,АЖ 373 3
33446.opus,ЩЗЗ75ЧА
33447.opus,ЛЬАЬ9 2
33448.opus,455 Р6Ш
33449.opus,ППИ3Ю#В
33450.opus,ТТЫЬ Ю
33451.opus,Н792ЧЗ
33452.opus,Щ 4Ъ
33453.opus,10К4Т
33454.opus,Е4ШЩ
33455.opus,Р9Ч#ЙСЭ
33456.opus,8Ч09 Ц6
33457.opus,СЬ7П 8Ш
33458.opus,Ь07Д# Ъ
33459.opus,16ЙО5 Ы
33460.opus,ШЗВЬ07Т0А
33461.opus,98536Б
33462.opus,9О5П1
33463.opus,ОЙ90563Ю
33464.opus,ХЕ2ДШ67РШ
33465.opus,6ЯЧ55Щ5
33466.opus,Н Р835ЧЩФ
33467.opus,7ИЫ579
33468.opus,Й45ДТ0252
33469.opus,0ЩГ5ЛЩХ
33470.opus,А8Ы79Э
33471.opus,85ЬЖШФ
33472.opus,Т7ДЬД8055
33473.opus,Т0Х2Б9 В5
33474.opus,4Щ4 3Щ
33475.opus,ТЧ3П7Ш
33476.opus,#6ЯИ8
33477.opus,ОЬЩН#08
33478.opus,З6Ш #Ж#
33479.opus,Л ДМЗЗ2
33480.opus,Ю5Щ6391
33481.opus,ЛФЙД09Ъ
33482.opus,ЛЭЯШ0
33483.opus,52Ч15 1Щ
33484.opus,ЙЫ5ИЦЗ18Т
33485.opus,0484ЛЪА
33486.opus,ЗЙРЯФ8
33487.opus,4Ы Ю06Г
33488.opus,53Д2Ь
33489.opus,Е95ЫЯИ
33490.opus,ДИЖШО0ЩЗ
33491.opus,ЗЗВ5Ц0
33492.opus,З8Э ПЗБ
33493.opus,4К Я6 ША
33494.opus,А ЗК6И Ш
33495.opus,ЧУ43Щ0
33496.opus,А6Ю 5Ю
33497.opus,4Ь 9З37Ь
33498.opus,А02ЖЧ7
33499.opus,9723М7
33500.opus,ШЭ0УЖГШ
33501.opus,#МД#Л7
33502.opus,86Ю52 Ц
33503.opus,Н6А63П6Ч
33504.opus,0КШЧЙГМ
33505.opus,0ЧИ2ЮЛ36
33506.opus,27ЧЛЧ7К 2
33507.opus,5ГЮЫ Ф ЩН
33508.opus,Х9 ЬЖШ
33509.opus,ШШЫ#Ч 76
33510.opus,АШК 8Е0
33511.opus,Н6 #2ЩЛГХС
33512.opus,871З Э2
33513.opus,АЧ1ТШЧ
33514.opus,5СБ79Ш
33515.opus,ХГЗФЩ6
33516.opus,Л1ЗЙ8
33517.opus,1И3ЭЙЗ0
33518.opus,7Ж772
33519.opus,7Х66ФЗЩ
33520.opus,Х3М30
33521.opus,8ЧЦ Д#7
33522.opus,З ГБК
33523.opus,72 ЦЧ2
33524.opus,ЛЪ9ХШП7
33525.opus,65ЗЗ15ТМ
33526.opus,7З3ЗЭ594
33527.opus,Щ9А2
33528.opus,Н67САЯИЫК0
33529.opus,ЗПЮЛЖ6
33530.opus,8 3Н2ЪЧ
33531.opus,ДЫ И4Щ7
33532.opus,А7ЧХБ7Я
33533.opus,ГГС87ДИ9
33534.opus,7 АЧИЭ
33535.opus,ФР3ХЗХ
33536.opus,7707З
33537.opus,Ф0810
33538.opus,7 7ЫФФ
33539.opus,СЛ9З7Ю
33540.opus,ЖХ8Я6Ю
33541.opus,З262ШШ9
33542.opus,887 
33543.opus,Н73А РХГВ6
33544.opus,З6КНЗ28 П
33545.opus,5 Щ6Я60
33546.opus,НЛ8Ю42ДУЧЮ
33547.opus,8ЧДМХЩ
33548.opus,Д4ЪД2З0ЗШ
33549.opus,0Х 0734
33550.opus,Д3К 1Ы
33551.opus,4ИЗЭЬ08
33552.opus,ЫЩЬЩ#9
33553.opus,703З6ЩБ
33554.opus,ТЧ Л4 Ш87
33555.opus,Х0ЪЩЭ25
33556.opus,8 0Ф 0А
33557.opus,7Ь1ЗТЛ4
33558.opus,72АЫХ6Э М
33559.opus,Ю0ДЩЖ51Ф
33560.opus,ЛК4ЪА74
33561.opus,РД Я 6Х2 6
33562.opus,0033 Ю6 7
33563.opus,Н#ЦГЪ8Ъ
33564.opus,4Ш 74И М0
33565.opus,5МГМТЦЗЗ
33566.opus,Н 6ШЖ68В
33567.opus,Т58ЭХАГ6
33568.opus,ЛЖ ЗЖЩ6Е
33569.opus,4Т ЭВ 2У4
33570.opus,ИТ7 ЯЩЗ
33571.opus,#ЩРЩ44ХВ
33572.opus,36Ч57Э
33573.opus,Х0ФЛЙ 62
33574.opus,52ЭЮ1Ь 
33575.opus,13ГМХЗ4
33576.opus,Ц614ТА6Ш
33577.opus,2Х1Б0Д2ЛС0
33578.opus,770 7ЫЪ
33579.opus,ЗИ7 Г77
33580.opus,09М Б8ШЬ
33581.opus,7ЕЮЭ9ХАЦ 
33582.opus,ЗП8УПЩТ А
33583.opus,043522Ц
33584.opus,7Ч РШ #Ч
33585.opus,Й5Ч9Я3
33586.opus,Н0ЧИ6ЧУ9
33587.opus,7ЛИ Ю Ш4
33588.opus,80ДЮЫРШЬ
33589.opus,З1ЛЭХЦ4Э
33590.opus,РБЕ3Р#СЬ
33591.opus,5Щ8Л316
33592.opus,4ТШЩЧР 695
33593.opus,05#ЬИ3З2
33594.opus,НЗ1П #Э
33595.opus,7ЫХ9ЕВБ Я
33596.opus,4ИШ П
33597.opus,62Ы А0Ц7
33598.opus,4Ц88СЗ
33599.opus,867Ч2
33600.opus,4ЩЗЭ72
33601.opus,ЗЧ26
33602.opus,7ФЗ9ЗЯ6
33603.opus,5Ш ШЛ Й
33604.opus,4 #Ъ
33605.opus,6 727Ю
33606.opus,960Т 1
33607.opus,59Л809
33608.opus,5 ПЩЬ8Л
33609.opus,4 7Ч7
33610.opus,ЕУЪ8
33611.opus,ЗП3ЫБ7ЖЦ
33612.opus,ЩВЧТ86Т6
33613.opus,ОВЗ0ЕЬ9
33614.opus,00 ЪБЖБ0
33615.opus,83ИЭ #
33616.opus,66ЗЛ9
33617.opus,17БШ58
33618.opus,НАВ02ТЫ8
33619.opus,ЧФДЬЭ9ЭЙ
33620.opus,98ГС09
33621.opus,71603П6
33622.opus,ЖЬМЪЭШБ
33623.opus,540СЗ0Щ
33624.opus,54ЗПХЗ2
33625.opus,З 5ПХЖАШ
33626.opus,1Ш6Ъ 6
33627.opus,О0СХС2ИЭЛ
33628.opus,РИ2ЗЖР3
33629.opus,НЛК92Ц1Ы
33630.opus,6АЩ6ЗЖ
33631.opus,1Х076Ю Б
33632.opus,0ШП8
33633.opus,5 Ы 38
33634.opus,Х781КЬ
33635.opus,Я ЗА26Ч9
33636.opus,669Ъ36
33637.opus,8РЪ6ЧФ
33638.opus,1З98ЯА
33639.opus,57776З
33640.opus,Ж657Д02Ю
33641.opus,М#Ш7ПЭ
33642.opus,4ГХМ А06Т
33643.opus,А9Ы5ЮЗЭШ
33644.opus,79Ш80Н0
33645.opus,РЯЧЪ4ТШ
33646.opus,НЩР7П5 7
33647.opus,Л56И1
33648.opus,ОПЮЧ3Щ
33649.opus,НЭ8НОШЕ#
33650.opus,А8ЖМ5ЧЮЧ4
33651.opus,27756
33652.opus,69Г76Ю6
33653.opus,##7Г К
33654.opus,28Ь86Г
33655.opus,0ХВ3 2
33656.opus,17ЬРЛ2Ж
33657.opus,НИ9КЦЙ
33658.opus,03Ш 79
33659.opus,ДЮЪ3МЛ
33660.opus,5 И93Л1
33661.opus,ЙШ18ПИ9Х
33662.opus,66ЯТМЬТЬ3
33663.opus,58ЯИЕТШ
33664.opus,А8ЩЫЭ2
33665.opus,1ИПЛ#0
33666.opus,1 МЬХУ
33667.opus,ЗПФБЮЧЪ
33668.opus,Р7ОЪ32Ш
33669.opus,ЙЗ2ЧЧЮ6Ц
33670.opus,АЧ4Ь Ю7
33671.opus,5ЮЗЛС2Ж
33672.opus,А 24СТ543
33673.opus,8 #МШИ3
33674.opus,ТЩ74 Ю5ЗЙ
33675.opus,62ЮЧЭДЭ
33676.opus,З 2 Ъ7ЭЛ
33677.opus,8ЯХЭЧ0Б
33678.opus,Т0Ь 8Ч5
33679.opus,Т0ЬШЖ
33680.opus,0ХР57З
33681.opus,90ЭЯ
33682.opus,Н908И 1З
33683.opus,19З2 ЫЕЧ
33684.opus,Щ 7ЭХ2
33685.opus,З5АЖИЮШТ
33686.opus,8Щ3ШЗ7
33687.opus,АФ1ШШ74Д
33688.opus,ШЦ27М
33689.opus,ЮЯЧЯ5Э54ЮА
33690.opus,ХДТЧ0И6
33691.opus,З ЭР5ГМ2
33692.opus,1Б7АЫ
33693.opus,Ч ЖШЪИ6Ч
33694.opus,7ЗЕШЦ0
33695.opus,НЧЭ0Ф#Ж
33696.opus,7С8Х69#
33697.opus,Н8 7ЮСЙХ
33698.opus,ТЭГ П
33699.opus,6Л8ЗЙ
33700.opus,Ц37Б ЦЭЙ
33701.opus,Щ4А6СЦ6ГБВ
33702.opus,1ЬЛ781
33703.opus,5ЯЭ77Ь
33704.opus,6Л#7 Ц
33705.opus,48Ь О78
33706.opus,63 А ЯУ7Ш
33707.opus,8ЭЧАЯ#
33708.opus,593ЭЭ4
33709.opus,970 6Ч
33710.opus,И8ЗФТШ7
33711.opus,89ШХ73
33712.opus,Ш60КБВ7И6
33713.opus,ОК67ЩОЬ
33714.opus,ХЦП489
33715.opus,Р7ЗИ
33716.opus,Ю6ФМЛ0Щ
33717.opus,СН60УЧ
33718.opus,НЛ2РЛЮ
33719.opus,ЬЭ4БИ23
33720.opus,ШКЩБ009
33721.opus,АЩТМУЩШЦШ
33722.opus,ЗЭР2Р75
33723.opus,1П8В 25
33724.opus,З Л2Л8ЫЛ
33725.opus,Т0РЧ Я62
33726.opus,8572
33727.opus,И5Ц#4МЯ
33728.opus,ФЭ7ХРЛЮЭ
33729.opus,07Х1705У
33730.opus,Р Р1ШД0К
33731.opus,7ЯН 8З3
33732.opus,5К5 Ш8Л
33733.opus,2# 83
33734.opus,15Ч7УЭ2ИЦ
33735.opus,7ЪНЧ0ВЭУ
33736.opus,Л0ЖЬТГА
33737.opus,1ТЬКЧ2Б
33738.opus,8СВХ59М84
33739.opus,14НЮТ Ч
33740.opus,Л70С0ЦЪ
33741.opus,86ЮЩ7Ф
33742.opus,9Э0ЭКД4
33743.opus,ОГ0 8ЩЬ
33744.opus,ЙХ9 13ШЯ
33745.opus,7ЧЩЬЗЮ6
33746.opus,6 ЩЖА
33747.opus,16ЯШ9О
33748.opus,4РЗЯ3
33749.opus,НЗ ГЗ20М ЗФ
33750.opus,О7Х8П52Ф3
33751.opus,5Ю0ЯНЬЫ
33752.opus,54З5Ш0
33753.opus,5ШШЛЙЭЮ
33754.opus,5З8254ЩА
33755.opus,М5Э0Г3Ц
33756.opus,6ЩЕГЭЖФ
33757.opus,Х06Я5
33758.opus,1Д5ЛЭ7ЕЪ 2
33759.opus,191О5736
33760.opus,А0Э ДЬ02
33761.opus,87 52З
33762.opus,Л9Ш ЮТ9ПЖ
33763.opus,А6 Д38ЯИ6
33764.opus,7 6Ч3Э
33765.opus,62ЦПЩ ЪБ
33766.opus,А7АЬШ6А
33767.opus,РЗЭ74Ю6Э
33768.opus,7ЪВ5ЬТ8
33769.opus,ФСДДС05
33770.opus,Н0Х00
33771.opus,20ЩЗ429
33772.opus,ЛБН1ШЬ
33773.opus,ЛГ35 Ь6З
33774.opus,4774ЬТЧ М
33775.opus,ЛЗЧШ7Ч1Т
33776.opus,9З8 50ДС6
33777.opus,10З2
33778.opus,ЗО9ГП РЗЩ
33779.opus,5У02ЖЩ
33780.opus,5Ш463Х
33781.opus,А0У89 Ю
33782.opus,ЧП4ЭАЩЧ
33783.opus,М00ЖФ 3А
33784.opus,Т88ЮИЕИЛ
33785.opus,1205 
33786.opus,ФГ2ХЩТ ЯН9
33787.opus,05Ф 8Ш
33788.opus,8ШХР3 Щ2ЬХ
33789.opus,59Ч3ХЬ
33790.opus,7ШЯЩ 7ЕЗ
33791.opus,5ЭЧЮ55
33792.opus,ОЭЯ
33793.opus,03 7
33794.opus,Г66Ц 92Ь
33795.opus,А4ЧЙ210
33796.opus,7#Д5КЛ18
33797.opus,58ВД3Г ЯЦ
33798.opus,ЩЩПЭЗ 3
33799.opus,ГХТВ 6ККЧ7
33800.opus,АИ#БНС7Ч
33801.opus,ЗЮ К А5М7Х3
33802.opus,1Ь66СЗ3Р7
33803.opus,85КЩ
33804.opus,8О73ЪМ8ДРА
33805.opus,ЦЫЪГ6Г
33806.opus,9ЭБЕ2ЖЗ3
33807.opus,3ЛИФЛ
33808.opus,5И 6ИЧ Э7З
33809.opus,АЮ8К Е83
33810.opus,Т722З
33811.opus,НЕ4ШМД 7Щ
33812.opus,8З Г7А5П
33813.opus,Х И6УАЗ7
33814.opus,В80З
33815.opus,7ЯМ7ХЪЖ
33816.opus,02Е7 ГКШВ
33817.opus,МДЗ2ИЗФЮ
33818.opus,4А МКЪ4Ч
33819.opus,5791Х
33820.opus,НЗФИЗ М 5
33821.opus,285 ЩШЫ5
33822.opus,ЗХ4ЫЗИТЭЖЬ
33823.opus,Т40 6ШЬ
33824.opus,З9 ФЙХЦ5
33825.opus,745 ЛЛ С8
33826.opus,СТ 7Я5
33827.opus,9ДЙТН4
33828.opus,0ЦНЛ6Ъ
33829.opus,1СЗ5ИТ6Ч
33830.opus,97Е26О#ТИС
33831.opus,ШЗ8Г 6ЬЧ
33832.opus,ЕВ9Ф9 З
33833.opus,4А6П5Ы
33834.opus,8ЪФ00
33835.opus,17 ГК7
33836.opus,72626 З#6
33837.opus,8ДПЛЩ92
33838.opus,5Х08Ю04
33839.opus,ЗЫ 5Ч0
33840.opus,ЛЯ21Г1
33841.opus,Т0Ф 7ГЪ
33842.opus,ГЧЗ91З
33843.opus,4ЩТ83
33844.opus,Т9ВШТЫЯТГ
33845.opus,ЛБЭЧЛ Я6Ю
33846.opus,4ИЯЯЬ44
33847.opus,9 2Х024
33848.opus,0ШБ2608
33849.opus,1ИЗЭЖ 8Б2
33850.opus,0 ЗЮ00Х
33851.opus,1И6ЬЦЬЬ
33852.opus,ЛУЛПЮ2И
33853.opus,РЗ90 Я
33854.opus,Х75ЩЧ ЭЛ7
33855.opus,76#ХМ0
33856.opus,800ЖА5Х0
33857.opus,57834
33858.opus,ОЪ3ЗР2Щ
33859.opus,З63ФХ#0Х
33860.opus,0227Г5ФВ
33861.opus,З98З7К
33862.opus,З6З767
33863.opus,З7Э7Е50О8
33864.opus,1ЪЗЯШ5
33865.opus,5ЗК8П
33866.opus,Р ДЭЗ6ЧЗ7
33867.opus,9Г ЦЗЪК
33868.opus,7Т8 Ю
33869.opus,7ЩЯ Щ52
33870.opus,НФУ0ЭГШЧ
33871.opus,8ГЗЗВ77ДБ
33872.opus,Р ЖМШТЗЩ
33873.opus,1ЧЭ6Щ
33874.opus,19ЮФ13
33875.opus,Н29 7 М5А
33876.opus,7Ф0Ф85
33877.opus,ЩБ4Х6З
33878.opus,А0Х З5Ъ
33879.opus,ЗП6Ъ5А6
33880.opus,Н86 7П5
33881.opus,Н4 ЮЬС8#
33882.opus,ЧЖЧ22ШЛЖ
33883.opus,ШЩЛ2Н27
33884.opus,68ПФЯЪ
33885.opus,5ШЯ И84
33886.opus,ЮХ717 ЗА
33887.opus,А#ПШ Г
33888.opus,8 0Ь06
33889.opus,ЬИ0ШЖД67У
33890.opus,5З2ЮЩЧВ
33891.opus,НЫ 34
33892.opus,ААЮ9А0К6
33893.opus,# ЗЭ2
33894.opus,НА0К631
33895.opus,ФФЩ8О0
33896.opus,Х87 ЯИ2Э
33897.opus,8 ЙЗ0ЯВМ8
33898.opus,Ь4ЪШ9
33899.opus,ЗЫНЛ5УЩШ
33900.opus,ЕЧ2Н ШЗ
33901.opus,АШ0 НЮ4
33902.opus,ЛФА691Л9
33903.opus,1М8771ИВ
33904.opus,Ъ7 76
33905.opus,ЗЗ 9ИЮ ЩТШ
33906.opus,ДО9З 9А6
33907.opus,ФУ75У27
33908.opus,АЬ ЯЬЦБ7Ф
33909.opus,099Ч 62
33910.opus,13Щ241Ь
33911.opus,4 64ЖЕ87ТА
33912.opus,Ц ЛЮХ82
33913.opus,АИ622
33914.opus,4Ж8 
33915.opus,899ЗШ4
33916.opus,7С 8ЯЮ#Ю
33917.opus,80ЗЭФО
33918.opus,И#ЗШД757В
33919.opus,ОЯХ0ЮЧВХ
33920.opus,77Ъ1АЗ
33921.opus,Ж 74КСГБЛ
33922.opus,Т06Ю8
33923.opus,ЗХЩГ Е8Л3
33924.opus,0ШЕУС5Т6Ч
33925.opus,1Д ДЮЩ
33926.opus,738Ф58П
33927.opus,АЬ9 ИТ2
33928.opus,7 3 Ч77СМЖ
33929.opus,Д2В 7Э93
33930.opus,0#О ЯТЬ4ШХ
33931.opus,43Х62ФПА
33932.opus,90Д Щ97
33933.opus,8Ч83ИЭ83
33934.opus,ДБПЩС02ЩТ
33935.opus,ФАЩ0ЫЗ8И
33936.opus,764О6ЩИ3Ь
33937.opus,6Ш 7И9ФЗШ
33938.opus,ЯХЩ8Ю2Ь 5
33939.opus,57 07ЗИЛ
33940.opus,РЧ5ЩАЯО
33941.opus,7ЧЗГЛТ7
33942.opus,000 0 З
33943.opus,Н42ЪЛЯ2
33944.opus,НЯ# З17
33945.opus,ЩР78ЗУ РБ
33946.opus,Х#СЗ ЭУ
33947.opus,7Ч85ЮО 0
33948.opus,А#029ХУВЬ0
33949.opus,Н086Ю56
33950.opus,5КТ 2259
33951.opus,ЫМСФ707У
33952.opus,287СЫ #МГС
33953.opus,Н63РЛЮ0Ж
33954.opus,З7ЖЩ 05
33955.opus,8Я9О НЙ
33956.opus,437359
33957.opus,Н8 2ДЮЧЮ
33958.opus,А486Г
33959.opus,6 62ХЫ2 6
33960.opus,Р7ДГЭХ207
33961.opus,ЩЬСЮПЮ3
33962.opus,Т6К0ЧШЭФ
33963.opus,ХЖШЬЙЦЛЮ
33964.opus,ЗЮЫДХГФ8У
33965.opus,1Ж9ЩЭФ
33966.opus,РРЛ79ЛТ7
33967.opus,ЫЮЬ5Ы
33968.opus,ДЧХ6СЗ Л4Ю
33969.opus,8 ЯЧ3Щ502
33970.opus,47 А9ЮАШ
33971.opus,35 П В ДГ
33972.opus,З5ГФ5 Ы
33973.opus,Л70Ь90
33974.opus,ХКЗФ6УЧЪ
33975.opus,13ЪФ А2ХЭ
33976.opus,ЦРХ702 З
33977.opus,Л2С2ЮЦЬВ
33978.opus,7Й4ГЭ6
33979.opus,НЪК0ЗУ П
33980.opus,8Ч ИЮЗЧ0
33981.opus,О56 7 ЗЮ6
33982.opus,15Л ЯЗИ3
33983.opus,Д7ЭЪ0РБ
33984.opus,85170
33985.opus,М4 Ъ75
33986.opus,Л7506Ъ
33987.opus,Т6ЭЗЩЬ3
33988.opus,Н 882Щ
33989.opus,ХЗЬЗ1 7УМ7
33990.opus,8ЦЗЧЮ2
33991.opus,9477И0
33992.opus,9ЪХ7Ь
33993.opus,7ГИ РЬ 8
33994.opus,10 636Э
33995.opus,653З2ШЯ
33996.opus,А9Я Л4
33997.opus,Е6 О0ЦР
33998.opus,4В6ЬА7 7Т
33999.opus,А0358З
34000.opus,А#7Ь5Л
34001.opus,З ЯК22И
34002.opus,57Е8065
34003.opus,ЙЧУ#76Ч
34004.opus,Ь5ЧЗ2Ь
34005.opus,16Я4ЧА6Т
34006.opus,Е75Г ЗЖ
34007.opus,4ЦЭ07
34008.opus,З2З75ПЭ
34009.opus,5ИЙ7БЗ2Э2
34010.opus,2ОМ7Ф3Ы О
34011.opus,Г175
34012.opus,57ЦЪ9Ч
34013.opus,ЕЦ2Ш5
34014.opus,1Ь7В77УГ
34015.opus,Ю6ЭЗ69
34016.opus,0ДЙБ0Х
34017.opus,0ИЭЩИ209 Д
34018.opus,Ы63О49Г
34019.opus,8 С07ЦУ
34020.opus,8 ГЬИСШ
34021.opus,З9 З30Ш 6
34022.opus,1Н5#АШС7 З
34023.opus,Д4ЩШЪХ3Ж
34024.opus,8892 4
34025.opus,Й8ИЗХД9 7
34026.opus,А9Ъ65Ч
34027.opus,660И 2ЗЮБ
34028.opus,АЬХБЯГ СФ
34029.opus,4 ЧИ38Я8
34030.opus,6ЗЪ7 ЗХ
34031.opus,НГ 8Ц77
34032.opus,ЯМ К3
34033.opus,РХ2ШХ #Х
34034.opus,5 П67
34035.opus,ЗЗ7352 
34036.opus,5ЛАУГЛЮ
34037.opus,ЛЗЛ0ШЩ
34038.opus,9ЭЛЮ95У
34039.opus,Я6Щ48Я
34040.opus,З8У6078
34041.opus,РЯШ6Ч3
34042.opus,7ЯЩ8П
34043.opus,Л6Ъ А67Ю
34044.opus,О ЯБ6ЧЩЧ
34045.opus,8Ю3 ИЫЧ
34046.opus,ЗЩ2 2К
34047.opus,8Я 7О8#ЧИ
34048.opus,ОИЦЮЛ0
34049.opus,1УН0
34050.opus,7ЭА Г9ПИ
34051.opus,Н7ШСЭШ
34052.opus,Т752#7
34053.opus,Р 8ЯИ2Я
34054.opus,ОХЗСДЖ25
34055.opus,Ш07ЪЖ7З
34056.opus,РПЗА0Ч7
34057.opus,8ЪЫАПШХ
34058.opus,8ЬД5 4С# 5
34059.opus,1ЯП8Й
34060.opus,1ЗЭ10
34061.opus,#ЗЮТ0ЬЫГ
34062.opus,З0#6ЧЭ
34063.opus,5Щ7ЭЮИ И
34064.opus,5ЯХ26АКЬ7
34065.opus,9Э Ж 26З
34066.opus,ХЗ 3ЧЭ
34067.opus,7Л572 К
34068.opus,Н8ЧВ5ЗУ6
34069.opus,#7 399
34070.opus,ЛЧЛ2ФЕЯЬХ
34071.opus,6В456Г7
34072.opus,Х6ХЖЩ2ГПА6
34073.opus,9ЫЬ ЬЯШ
34074.opus,УЖЗ1ПЭЪ5
34075.opus,НН ЯЭЯ9
34076.opus,80 07
34077.opus,Ъ4ЖГХС1И2Ч
34078.opus,73АФ20
34079.opus,7Щ7ЦФП47
34080.opus,ФТ62И46Я
34081.opus,Н6Ч7773М
34082.opus,5#6ЛЗ5Ч56
34083.opus,1Ш0ХЧ3
34084.opus,1Ъ2
34085.opus,ЗБЦ3ЭХ7Я
34086.opus,7ХТ6Х 93
34087.opus,4Ж 70С837
34088.opus,ЖЗЪДА97Ж
34089.opus,0Ж47 Э9
34090.opus,1У97Ч
34091.opus,ЗЭ766
34092.opus,6З26 А
34093.opus,ЛЙИЮИЮЭ74
34094.opus,А4 Д4Ш72
34095.opus,4Ы 7#М7
34096.opus,0#9ГИЪЮ
34097.opus,5ГСПЮЩЗ
34098.opus,868#Э
34099.opus,1ЪД7 9ЛЭ
34100.opus,87Т0БШ74
34101.opus,8266Ю
34102.opus,А87 ШЗЧ
34103.opus,0Ф5Т2ХВ05
34104.opus,992ЧЮ
34105.opus,Р#1ГЪАЩ
34106.opus,Е5469ИИ
34107.opus,ЦВ460И4Э
34108.opus,0О ЧЦЮ
34109.opus,70Л0ЯЮА
34110.opus,ОЩЦ Ъ9
34111.opus,7А АИВЩРЯХ
34112.opus,8ПР 8Ч4
34113.opus,Н979 Ш3
34114.opus,87СЮ7Е7З
34115.opus,АЫЧЯ7
34116.opus,Т9 А83ЗЮЖ
34117.opus,З5ФТЫГ6Ъ6
34118.opus,ЛЗ 722ШЩРУ
34119.opus,8 7СЛЭЮ0
34120.opus,Б 5ГШ0ИДЙ
34121.opus,1ХДЬ5Ъ ЭЛ
34122.opus,1ЗЪ#
34123.opus,3С609Й5
34124.opus,НСШ7ЧШ 3
34125.opus,Н0751ФЮ
34126.opus,А9О5Щ7
34127.opus,4З09ЭЮД
34128.opus,КЗ8 7
34129.opus,749 ГАЭ
34130.opus,АЩ8ШЦ2Г
34131.opus,4Д7Х8Ч75
34132.opus,78 8ШЧ7Р
34133.opus,10 #ХЧ
34134.opus,8И7Х3 С
34135.opus,0 08 60Ф
34136.opus,Н90 3М5
34137.opus,ЗЧЭЮ46
34138.opus,8 ЛЗЭ
34139.opus,15457З5
34140.opus,Н3КЗ5 В 4
34141.opus,З8Х5ХЭЧ
34142.opus,0Ю 
34143.opus,О907Н Б
34144.opus,И 8КЛ61Х
34145.opus,Е70 ЩЭ
34146.opus,6 7 8Ч9Ю
34147.opus,Ц2ИЛО7ЗВ
34148.opus,7ФЮ1Я
34149.opus,0МАШЧ1
34150.opus,ШЪ2ВАВЮХ
34151.opus,857Ш ЛЖ
34152.opus,АЩ8Ь0
34153.opus,4Р9З9
34154.opus,ИЗЯЖ7СЭЗЩ
34155.opus,8ФЛА0УЖ2Ъ
34156.opus,З2ЩТЬАЦЮ
34157.opus,7 Ц ЮЭЛУ
34158.opus,ОЩЧ7ЭИ86
34159.opus,З Э#С19
34160.opus,Ц7ЫВ2Ю А0АШ
34161.opus,ЙШ9 КАМ72
34162.opus,АШ6ДЪ3
34163.opus,ХВЗЙ6 7
34164.opus,НЖЩУБУ0ЬФ
34165.opus,589ТСЦДЭ
34166.opus,Ь9 ЛЯ7
34167.opus,ЗИЦ ЩИ ЗД2Э
34168.opus,4ЗЬКЮШ3О
34169.opus,8Ю #И3 ЗЖ
34170.opus,06Л891П
34171.opus,347Ю4 8
34172.opus,7ЕЪЦЙ6Ъ
34173.opus,4 ЪЪЖ7Ш
34174.opus,04 К ЩШ1
34175.opus,И4 ОК3
34176.opus,2Щ6К 6
34177.opus,АБ#ЧЩ0Ь
34178.opus,ЛЮА #Ю 2Б
34179.opus,4ХШ
34180.opus,580#1А4
34181.opus,0Г3Ю657А
34182.opus,16Ш1
34183.opus,5ЩШ59 Е
34184.opus,Р440ЮЫ
34185.opus,6МЗ3ЗГ7А
34186.opus,ОЦПХЩБЬ3
34187.opus,ЗЙ 6#
34188.opus,АШРХЮ57Г
34189.opus,ЩД8094
34190.opus,М 0Ю38Ъ9
34191.opus,А09 ИС572
34192.opus,#Н5ЧЕ9
34193.opus,4ГЛЗ075
34194.opus,4КИТЬ4Т
34195.opus,1ТН7УЗ87
34196.opus,9Ь3Э
34197.opus,898З4ШБ
34198.opus,4К9 #Н1Х
34199.opus,8 Д572ЭХ
34200.opus,69АД3З
34201.opus,89АШ7Ш
34202.opus,Я70605
34203.opus,72Т 877И
34204.opus,9ЖУ ЩТК
34205.opus,Ъ2АРПЖ 3Б
34206.opus,5 ЧЛЙ9ЙЖ
34207.opus,9Ь951Г
34208.opus,76Ъ 3ШЪ
34209.opus,ЦАЬАЯЗ7
34210.opus,Я8ЕЖЯ3Д
34211.opus,ЪОЛХ5ЧЯ
34212.opus,ЦЖФМП24РВ
34213.opus,5Э0ШФЪИЧ
34214.opus,ЗЛХСЗ073
34215.opus,8Ч 03 
34216.opus,6ЬА#ЗЗГЭ3
34217.opus,5Ш6Ь7ДГХ
34218.opus,ГФЭ87Д5Ы
34219.opus,НЗЕФЗ0 0
34220.opus,877З83
34221.opus,7Ч ЪЧЩЗ
34222.opus,58И405МСЖ
34223.opus,РВЖ6ЖФ6
34224.opus,ЗИЗ7 8Ч5Ж
34225.opus,Й15КЫЮ0
34226.opus,ФГЪЕЪ#
34227.opus,ШЩ ЗП2Д
34228.opus,7ЯД 84
34229.opus,8ЗФЯ5
34230.opus,О007
34231.opus,00Ю5#
34232.opus,8ЭЮЙ9ИЧ
34233.opus,6ЩТ43В08
34234.opus,646К9ЭФ6
34235.opus,2ФЮШ5 ХЯ
34236.opus,4Х26ЩНЯ64
34237.opus,17 ЕП
34238.opus,527ЖЕ7Ш
34239.opus,527ЗЛЖ 70
34240.opus,Т807
34241.opus,Д77У78З
34242.opus,70Т8Л6Б
34243.opus,З7ЭЕ7 Ш
34244.opus,А7 87
34245.opus,0ХБЩ85Ю
34246.opus,5ЗШ97
34247.opus,ШЩФП Л
34248.opus,ПЭЮ6ЪИ3
34249.opus,1 АЫ7ЬГО
34250.opus,ЬН52755А
34251.opus,6Й 25 ФС2
34252.opus,ШБ3Г898
34253.opus,7З7Ч56Ч
34254.opus,С5ЩТ3Ю4
34255.opus,7АЫЭРЪЩ
34256.opus,ЛЛЗ6З6
34257.opus,2В6ЩЩ
34258.opus,759#2Я6
34259.opus,3Х930Р2
34260.opus,ЙЮШГСЩД3Ж
34261.opus,88ИЫЫИ0
34262.opus,НО9Г70П
34263.opus,9КЙЗГА9
34264.opus,8Э67ЯАЙ
34265.opus,Ш7Ц3ЗСЬ0
34266.opus,7Л3Я02
34267.opus,9А ГШИ
34268.opus,ИШ5 Д8ЮТ
34269.opus,8ЩЙ7
34270.opus,ЗХ8Я4МЗ2
34271.opus,ХЦГ6ГЗ
34272.opus,З2ШБШ1
34273.opus,7 ЕЦП8
34274.opus,0ОЦЩФД9
34275.opus,АЦВЗЭХЬ
34276.opus,СТ ЗТЫЗ30
34277.opus,ЗЬ76Ф Л
34278.opus,АИ8Я3
34279.opus,8ЮДЛ2С
34280.opus,ЛЛЭ7Л0
34281.opus,Ц58ЧР0
34282.opus,0ЗП21
34283.opus,01 М06
34284.opus,О4ЪПДШД0
34285.opus,167Ю С9ФМ5
34286.opus,6 82О9Э
34287.opus,28А А6
34288.opus,1Ц636ФАТ
34289.opus,382 П 47
34290.opus,1АЬЩ6З6
34291.opus,9Ц650Т6Ж
34292.opus,39 8ИЮ4ШЮ
34293.opus,2СШ М673
34294.opus,А0 ЧЛЭФ
34295.opus,З3 ДЧ3
34296.opus,ЛВЩ#БЗ9
34297.opus,7ЪЦЪЩ
34298.opus,88Ю 3В
34299.opus,Ь589ФЫ
34300.opus,КЕЗФЯ79Ж7
34301.opus,Н0 7ЪЩША
34302.opus,7З7 99
34303.opus,6ЯЩАЩЭ
34304.opus,1УЯ Ч Щ#С
34305.opus,Т94ТЗ#Щ
34306.opus,11НЭ7ЭЯГ
34307.opus,4Ь5Ф Й7Э
34308.opus,10 СЧ7
34309.opus,5ЬЗТ
34310.opus,75728З
34311.opus,#35В#74
34312.opus,Н6ЧЮ2ТШЬ
34313.opus,7ЩЧЭ82 Я
34314.opus,ЗП 3З5ЮЗ
34315.opus,8ДПЮ7ЛМЙ
34316.opus,З2Г7ЬТ8
34317.opus,Н8587Е2
34318.opus,Н9 З 7
34319.opus,#ЧЯ6БЮП
34320.opus,А2ГИ5
34321.opus,1Л5ЩХ86ВА
34322.opus,8ШЗ4ЧЗ7
34323.opus,МХЗ7ЬЩ В9У
34324.opus,7Щ6С36
34325.opus,ОМЭЗЩЩЯ
34326.opus,9ТЫ866 
34327.opus,ФПЧ19
34328.opus,ЗЕЪГ3З
34329.opus,Г09Т П
34330.opus,А60Э1З5
34331.opus,НЪЪДЗЯЛ0
34332.opus,9ИДН ЗЮ4
34333.opus,ОР4ПЛЖЬ7
34334.opus,Ь065#ЮК
34335.opus,7З13И9Я
34336.opus,8АЗЗ7РВ
34337.opus,4ЧЖ57Т16
34338.opus,ЕГШЗ9
34339.opus,00#Т
34340.opus,5ЭЧЙЬЦФ#
34341.opus,З8И930А2
34342.opus,ДЗ380
34343.opus,4ЬФ2
34344.opus,ЫБЗ22ДЗ
34345.opus,ТЩ73275
34346.opus,ТШКЗ54ИП 1
34347.opus,7 ЩИЮ64
34348.opus,З3Й
34349.opus,З7П 62И7
34350.opus,АШ5Н ЖЩ6
34351.opus,8С8М9Ю4
34352.opus,О64Т Д5 ЛХЛ
34353.opus,ЙС89ТЧГ3
34354.opus,77ЛЪР2
34355.opus,А4КШ0
34356.opus,Ч2ЦЕЗ1
34357.opus,РГ2МЗ5ЫЗВ
34358.opus,76ЙШТЫХ
34359.opus,ШГ11 Ж
34360.opus,5ШЩЗ0СФ
34361.opus,0#88Я5
34362.opus,5Э7
34363.opus,О 6 6Н9
34364.opus,0ТЩ8Ъ6Ъ
34365.opus,Т188Я
34366.opus,Д6ЩО5ШЩЦ54
34367.opus,4 БЧШ3Ч5Э
34368.opus,5Л570
34369.opus,1 М Р1
34370.opus,ЮЧЧ5ШИ35И
34371.opus,7М760
34372.opus,79ЗЕ12
34373.opus,68 1Ч6
34374.opus,СЧ7546
34375.opus,49Й 74
34376.opus,Т 645 8
34377.opus,О8М#У9
34378.opus,АЦ 2 Й38
34379.opus,7Щ0Я94Б6
34380.opus,8АРБ202
34381.opus,Л В5Ь8
34382.opus,О 5ХТ7ЧВШВ
34383.opus,РВ88СЮИЮЛЖ
34384.opus,5 60РХ
34385.opus,867ЧЮЖЭ
34386.opus,АД0Ш4Ш
34387.opus,6Ж 5З3З
34388.opus,845Ч9
34389.opus,ФЩЯШЮ
34390.opus,З160
34391.opus,18Л4ОБ
34392.opus,Л А8ЧЭЪ
34393.opus,88И Ч454
34394.opus,А#Ф0ЭЖЗ
34395.opus,9ЦЬ88
34396.opus,АД91ЭН3
34397.opus,Т3Э ГЖ46
34398.opus,58Т6О
34399.opus,44 БГ
34400.opus,8 9 Л 8
34401.opus,2Ъ0ЗЖЩ
34402.opus,3ОДОМЗЭ 2
34403.opus,70ЭЯАРПЯ
34404.opus,ЗУЬЗАФ5Я
34405.opus,ТЛ 0ЗЭЭ
34406.opus,ЖЯ0АЧ4
34407.opus,3З2РЧ2ЧЗ
34408.opus,6Ш 7Х Ж63
34409.opus,2А #Щ#Ь6
34410.opus,8265Ф
34411.opus,ЧЪМИ0З6
34412.opus,ЗЪИЫ2Р1Г
34413.opus,ОИБЗ#8
34414.opus,773ЪИ 2Л
34415.opus,З4 З П6Б
34416.opus,БЯЪЭ7АШ
34417.opus,Ь95УД6Ш
34418.opus,АГ2С64ТРЮ
34419.opus,А7З7ЗЗ
34420.opus,ЛЗ3И8К4
34421.opus,5#Д83С6ВХ
34422.opus,МЭОЬ0 А
34423.opus,А Щ7Ь97
34424.opus,ПМЦ7977
34425.opus,З 6ШЧШ
34426.opus,18ЭР7А3 
34427.opus,С895 З
34428.opus,4ЬПХЭ0Б
34429.opus,80ЧЯ5ГЬ6
34430.opus,69ЪШЛ24
34431.opus,4ДЪ7
34432.opus,А ЫЗШДЗ
34433.opus,Н ШЦР072
34434.opus,И7И2Ш
34435.opus,ЪИ8А8 Ч
34436.opus,54877
34437.opus,83 АТЫ2Г
34438.opus,040МАЛЛ
34439.opus,Ч52ХЪ А64
34440.opus,4И3 2ЭЕЪ0ЖС
34441.opus,1БК6Ш6 77
34442.opus,РДЭЗЭХ0
34443.opus,560Ъ 6У
34444.opus,5#0Т0ХЖ
34445.opus,Е КМЙ Х
34446.opus,4Ш9Ы
34447.opus,А БЖ0#8
34448.opus,РА9 3 5ТЮ
34449.opus,1В5Ш6Ч5
34450.opus,0Щ4ЦЯ5Ш
34451.opus,А64А6Ю93
34452.opus,Ъ787
34453.opus,5ДЖ3Ю59А
34454.opus,ЛЩ9 Ь ЯК
34455.opus,О 6ЩЯ2Т
34456.opus,Н Ш 62ЖША
34457.opus,7Э959 ЬН
34458.opus,82#З
34459.opus,ЗЖ0Г1ФЛ4
34460.opus,06АТ73
34461.opus,МХ06ЛА0НЖ
34462.opus,РФ8ЪЦ3А
34463.opus,40Э7 35
34464.opus,8З5Ц4К
34465.opus,Л БЯ 2ШЬБ
34466.opus,89Э7
34467.opus,0Ь3 Х
34468.opus,ЮЧ2Е 0Я6
34469.opus,7 Ф Б57Х
34470.opus,ЛА 7Ж0МХ
34471.opus,3ЖЖ 0 К
34472.opus,Н7Ы7 И2Ш
34473.opus,3ЭД37Я
34474.opus,СФЩШВК6
34475.opus,Ъ6ЬЗЩИЫ
34476.opus,7ШМ53Л
34477.opus,Й85727
34478.opus,5А5ЦЮ2Ш
34479.opus,Ъ 7ЩЧ
34480.opus,4БЗС# ЩД5
34481.opus,4З0 Е18
34482.opus,83 ЧШБ
34483.opus,7ЮТЦЭ77
34484.opus,9Б6Щ4ЪИШ
34485.opus,8 8226
34486.opus,4ДМГ462Ш
34487.opus,22ШТ9 8Л
34488.opus,Н7 Ж7З 8
34489.opus,4 3 7#Б
34490.opus,0 Ю88
34491.opus,Д2БРМ89
34492.opus,17 В61Ь
34493.opus,4Ь67 ЗШ
34494.opus,1ЦЭ6З1 
34495.opus,З5#Г51Б2И
34496.opus,79492
34497.opus,8ШЯ4Г 6
34498.opus,ЙВ7Щ638
34499.opus,АЗ8 С0 0
34500.opus,НЩЯР13 Л1
34501.opus,4Ъ ЯОБЮЦЗ
34502.opus,Н4Ц7ЩХ0
34503.opus,ЗО0Х7Ч5Ч
34504.opus,5В0Ч7Х05
34505.opus,О6З9А78З
34506.opus,ЛИЩ73ТЧ
34507.opus,1СШ60#ДЭ
34508.opus,МЭО3ГЪ3Л
34509.opus,ЧК6Й4 Й7Э
34510.opus,МЩ8АХ7 Ш
34511.opus,2Ж5Т6
34512.opus,43Л3 0
34513.opus,Н7Ч10О#Ч А
34514.opus,ХЯУ7Ч
34515.opus,18 Ш574
34516.opus,0ЭГХСЩ 
34517.opus,4#Ч7
34518.opus,4С7 22З
34519.opus,АБ9 Ш5Ы
34520.opus,746 Л5 735
34521.opus,1ТЗЩЩ2
34522.opus,527Ь58ЩС
34523.opus,5 8ЭАД8
34524.opus,2СЮАЫ0Ъ
34525.opus,ЙЫ5Ч 769
34526.opus,ТЧРЧ
34527.opus,ВЯШБХУ 0ШИ
34528.opus,ХШ50КШ
34529.opus,9 И781
34530.opus,1Щ9 А Я5
34531.opus,8 0ЬБЪ
34532.opus,ЗЩШЧ#Ч
34533.opus,Х7Л2ЗЫЧ
34534.opus,4СШ90ЬД
34535.opus,72Ю Ы МГАЬ
34536.opus,8ШАРЛЪ3 П
34537.opus,Н7С М7Э
34538.opus,ЛКХ#МШГ
34539.opus,9Ж4ЖЫАЫ
34540.opus,АШ6ЗЭ9
34541.opus,57ИЭХ8Щ2
34542.opus,06Л59 ЖШЕ
34543.opus,ЙЖ8Я1
34544.opus,ЫД2 ФД6ЬХ
34545.opus,78ЩЛ7А
34546.opus,З4Ф6ТЬБЮТ
34547.opus,И ВИ5 #5Г
34548.opus,2Й7ЗН9
34549.opus,ШШХГИ0ТЫ
34550.opus,5 ЩД9 7
34551.opus,8ЖЛ68 К5
34552.opus,Л 79#30
34553.opus,Я6Г4Д99
34554.opus,2ИЗ5 Щ68
34555.opus,7 НЗ1Ш
34556.opus,Л48ЮЛ3З
34557.opus,А 78ЛБЭ3
34558.opus,Х87
34559.opus,1Ы3Ы#68У7
34560.opus,89ТКЧГШ
34561.opus,МЗЯИШЭБ Г ЖР
34562.opus,0032ЬРВ
34563.opus,45ШЛЖЗЬ
34564.opus,82Ъ Ч6
34565.opus,ЛЧ7 АЮ 8
34566.opus,ЗТЫ234А
34567.opus,5Щ7Э
34568.opus,5 ЯЩК7
34569.opus,З7 Ь60
34570.opus,4ЬА93
34571.opus,70Ь Т6Ю
34572.opus,НЩЧ ЦЧ
34573.opus,5ЩТЩ667 З
34574.opus,0 Т6ЭЩ
34575.opus,1625У8ЮХАТП
34576.opus,Ъ36Б352
34577.opus,7377ЩТ6
34578.opus,АШРЗЖ7ОХ6 Ь
34579.opus,5ЧЩ7 Э
34580.opus,С8Ю Х67КЩ
34581.opus,9ЯЗ 5
34582.opus,18 ЬК З5Г
34583.opus,Я53Ж7ШФУ
34584.opus,29АД5ЧЧ3Л
34585.opus,03766ЩТ
34586.opus,ЬЧ1 10Ц
34587.opus,98Я538
34588.opus,7 И9 З88
34589.opus,8З 7Э0
34590.opus,Р86Ь95А
34591.opus,5БТ72С
34592.opus,РЛ 9Л Щ
34593.opus,ФЭХЖЪ6ПА
34594.opus,672К0Ч
34595.opus,Е ЛДЕ12
34596.opus,1ЩБ5Щ0
34597.opus,1ХА8ИЗРЧЖД
34598.opus,УНП Р07ТБ
34599.opus,3В621
34600.opus,47 30 
34601.opus,ОЕЩО84ЩМЦ
34602.opus,РЕ7ЗЯА6
34603.opus,ЮЗЩ9И2О3
34604.opus,НБЗЙЗ9Я6О
34605.opus,7ХЗДЩ4Ы
34606.opus,72043
34607.opus,60О ХБЗ65
34608.opus,8П4Я8Ю
34609.opus,АС87ЬЮ7З
34610.opus,Ъ0К042
34611.opus,9ЬЭХЖ7У
34612.opus,8Я4Э25
34613.opus,1Ь ТХ Ч
34614.opus,7ГЯ47ЭЗ
34615.opus,8ЭС63
34616.opus,ЗЖ2Э6ЛЮ Т
34617.opus,8З08 Л
34618.opus,0#57З
34619.opus,МХ0Г504
34620.opus,5Э ГК6 Ч
34621.opus,8 8Ъ4
34622.opus,847466
34623.opus,Щ6677П
34624.opus,ЗНЗ07АЧЧ
34625.opus,52Ш
34626.opus,48 О Л30К
34627.opus,1ТЬЗЪН35
34628.opus,86ФЯ6Ц УШ
34629.opus,5ЛЫ567Л7
34630.opus,10966Т
34631.opus,Ц7ЕПЛШГ6
34632.opus,4ЦГ К87Х
34633.opus,АЖ46ЮЫЮ5
34634.opus,9ЧШХГХЗ
34635.opus,Т8 С0АЯ 6
34636.opus,05Ь4ЪЮАЯ
34637.opus,Ш92ЪЦЛ
34638.opus,8К Р7КЕ93
34639.opus,Л ГМЖ88Ф
34640.opus,4 225
34641.opus,З7Ю9ПВ
34642.opus,6И7Г267
34643.opus,9ЦЭ2Ю#9
34644.opus,77 7АЪ
34645.opus,З ВТ0Ш0
34646.opus,87СОТ С9
34647.opus,4Ю87
34648.opus,8 ЙД2ЩИ#З
34649.opus,Ж5 ЬЯТ
34650.opus,ЧЗ8ХИ8
34651.opus,Ш8Г3О
34652.opus,9З7БЙ8
34653.opus,77Л1Ч29
34654.opus,6 Б09ЩЮ
34655.opus,896Х ЦИ37И
34656.opus,4778 
34657.opus,9ЧД35ОБ
34658.opus,Ы#ЭА60Э
34659.opus,87А3К6Л
34660.opus,Н8УЧШ
34661.opus,87А0Р7Щ
34662.opus,ДЗЩФЯАЮ
34663.opus,Ш50Ч2 ФА
34664.opus,ЩЧ5ЬТ68Ж
34665.opus,А975ЩЗ285Щ
34666.opus,8Х092Ь
34667.opus,ТОЕ ОИ5 В
34668.opus,Г4Т7ЫС7ХА
34669.opus,19 88Ю8
34670.opus,ЦЬ6ХЧ42
34671.opus,З0Т80И0
34672.opus,А8З6В6
34673.opus,О9ГЮШ
34674.opus,ПЖА7Н60З
34675.opus,ТД8Щ7Ы
34676.opus,ОК58П З
34677.opus,1Ю0ГЫЮ5
34678.opus,РП 7Щ7Ы
34679.opus,4 2Ч1ТЬ7
34680.opus,ЗЦ82Х2
34681.opus,4Щ75В
34682.opus,0ЗБШ0И
34683.opus,9З3И7Л
34684.opus,Т87РИЖ З
34685.opus,07 7УА3
34686.opus,ЪЬПЪ2З8
34687.opus,Х7 ИШ7
34688.opus,ОЬ057ЮД2
34689.opus,5#0 ЗА8
34690.opus,З РЗЭЛ10ЗИА
34691.opus,ЛПС#ХА6Ш
34692.opus,ЛЧ ХИ5 Ч
34693.opus,8 2044
34694.opus,ЗЗВ0Ы
34695.opus,М9Ю05Я 0
34696.opus,Т07Г2Л
34697.opus,7ЗЫЛЪ Д2
34698.opus,АТ0Ч8Ш9
34699.opus,8ЩРФ0ЧЫЖ
34700.opus,С#0Т6 
34701.opus,5ЩЧЪ29
34702.opus,029ШГВ
34703.opus,О0Л78ПА
34704.opus,7523Ш
34705.opus,8Б3ЪД4
34706.opus,96Я32
34707.opus,АЩОЗША08
34708.opus,77ОВК6 СЦБ
34709.opus,5ПЖКТЬВ0Ф
34710.opus,4АТЦ4605
34711.opus,1Э7Ь2 К3
34712.opus,63Ю5Щ2ЬА
34713.opus,#ФЗЬФЛ
34714.opus,З7ЯЬ
34715.opus,Е0Л7
34716.opus,ДЙ0 К7Ф
34717.opus,Ц 5Я7 77
34718.opus,5ВХ8ЩТ
34719.opus,4И3Ю2Ж7С
34720.opus,78 З3Ь
34721.opus,5263Б7
34722.opus,1Т47ЯЩНФМ Г
34723.opus,9ЦЗ5 ФЮ5
34724.opus,5БА9 
34725.opus,0КИФЧФАБ0
34726.opus,0 ЗЩШХ ЧР
34727.opus,ЗЩТ67ИЗ0Т4
34728.opus,0Б9Ч2С
34729.opus,ЪШЮК5Т3
34730.opus,ЦХ27СН3
34731.opus,СЬ6#38
34732.opus,Л30Ч2Ч5
34733.opus,9 0ТЗ
34734.opus,0ЧГЮ0
34735.opus,ЮА6МРАНД93
34736.opus,Л20Ч0Т
34737.opus,ВШС3ДМЩ6
34738.opus,79 ВЬПЪ
34739.opus,Л7Ж ГЭ3Ф Щ
34740.opus,Р БЙШЭРВ8
34741.opus,НЩ# Л8ЕЮ8
34742.opus,75 ЫГ0ЛЭЫ
34743.opus,5ВК6Б26ИЫ
34744.opus,5Щ667
34745.opus,0ЗЗЪ3УЙ
34746.opus,9#7 Ч0
34747.opus,ЛХ7ГЬ
34748.opus,МЗ8ЗШ66НЭ
34749.opus,8Э264МЧ6И5
34750.opus,17З31К
34751.opus,778 ФЖ
34752.opus,Й ЭЪФП Б
34753.opus,7Ж5Н50Х3
34754.opus,ММ7Б ДНД6ЕЩ
34755.opus,ОО6ЯБЭ3ШЙ
34756.opus,7Ч 2СЗ325
34757.opus,772Э76
34758.opus,826 ЗА#8
34759.opus,955ЯЧА5
34760.opus,Ь 2ЧЖЩМБ
34761.opus,1ТВ4ЬЮШ
34762.opus,О ЯБ65Ъ
34763.opus,А3ЗЩРСБ
34764.opus,1ИЧ2А
34765.opus,Д БТ6 032Х
34766.opus,МФЩЦЕ1 ИТЗ
34767.opus,# ИЦТ6Ч
34768.opus,ЙНИ8 Г Ь ЯИ
34769.opus,АМСЗЯ68Т8П
34770.opus,5 ЬИ6Ш
34771.opus,З Л4ЬЕ2
34772.opus,ЛТ8ХЧБ
34773.opus,ЮФАТЫЮ
34774.opus,#787ЫД
34775.opus,Н7ДЗ Д0 А
34776.opus,Ь 2 22Х
34777.opus,954 5ЛИБЭ3
34778.opus,800ГР78Ю
34779.opus,89 5З2
34780.opus,Ь АО2Л7
34781.opus,З5Б8
34782.opus,4БШ4Ъ0
34783.opus,9Й54Д8Б2З
34784.opus,6Ы9ПЯ3
34785.opus,7З9АЧЧИК
34786.opus,#9 П5Ю
34787.opus,ДШ 9ГШ
34788.opus,Ь7ЕЮ#Щ7ЧВ
34789.opus,8ШЗП3Ы0Н
34790.opus,12706В
34791.opus,АБ9#ЩЗШ
34792.opus,Н 8500Ч7
34793.opus,43ТЧ3Л2
34794.opus,ЖС16М
34795.opus,5ЪЯ5 Ш
34796.opus,ЛУ0И9Ш7
34797.opus,6694 5
34798.opus,ФП0АБ11
34799.opus,7Ю В2ЪШ
34800.opus,ЗЧ2ФГУ9Л
34801.opus,Н82 37Ь
34802.opus,4ЗД ВМШ0
34803.opus,НЧ7РШ ЪШ
34804.opus,8 46ГЭ7
34805.opus,ЮГ0ЮШ5
34806.opus,06Й И6
34807.opus,0Л ЦЭ
34808.opus,ГЭЛЦ6Ь69
34809.opus,ЮЗ7
34810.opus,8З8ЛЮ8П
34811.opus,57Ы5Э
34812.opus,0З3 28#Ц
34813.opus,2ИШЗ2Я
34814.opus,26ЦИО76ЗЪ
34815.opus,72ЗЮЗ3ЮУ
34816.opus,7ХЬЫЧЙ
34817.opus,2ХЗ5И 845Г
34818.opus,1ЦЭ94УЯИ
34819.opus,1С08
34820.opus,АЗЮ Ц57Ж
34821.opus,А7ЬЦ0
34822.opus,З5ЛРД594
34823.opus,8А00У67З
34824.opus,ЮИЫИ329#
34825.opus,ЙЪ65З3Э В
34826.opus,2ШОЮХ357
34827.opus,ОСЩ ЩЧ5Ф
34828.opus,0 Ч472
34829.opus,И8ЛЗ2ФЛ3
34830.opus,7Л3О6БЪ7
34831.opus,7ШЦ7ЭЮБ
34832.opus,Ж873И6
34833.opus,4ЬЖ7С89Э
34834.opus,Н83ШШ07
34835.opus,ЗУБЮ7Б
34836.opus,7753 5 Г
34837.opus,Л0640СЯ
34838.opus,ОЛ23ЭГ
34839.opus,4 ВУ076Т4
34840.opus,9ЭЬ АЦЮЩ
34841.opus,9 АЗИЧА04
34842.opus,7 #Ц2ОР7
34843.opus,53МД 88
34844.opus,П2И2ЩИ8
34845.opus,58 Д8ЬЧ8
34846.opus,2Л5Ш5 8
34847.opus,О7СНЗ19Х
34848.opus,79Ъ#ЮЯ
34849.opus,5#3Г6 Я
34850.opus,ЬТИЗС2ОЫ
34851.opus,Н3ЖТЬЧЮЧ8
34852.opus,ЛЗ163Щ
34853.opus,8256Я67
34854.opus,8Ж4 7Ю9
34855.opus,9 7ЦЭ98А
34856.opus,Н7# 7
34857.opus,9РЮШ
34858.opus,Ш5УГ92 #4
34859.opus,7ПР67К4
34860.opus,ЗФ79Ъ 5 
34861.opus,04БТЗШЖ
34862.opus,Н2З7Ф8А
34863.opus,РД6Н#ЖЬ 
34864.opus,5ОЩ3 
34865.opus,362Г7
34866.opus,ЬТБТА500
34867.opus,ТЧ 18Ш
34868.opus,3Л2ЭЗЭЕ2Я
34869.opus,НГЙЛ1#
34870.opus,6 ПЭ0ШЖ8
34871.opus,З0ЮГПЭ
34872.opus,Ю#6473
34873.opus,Л1ЕУ
34874.opus,СЩД3Ы5
34875.opus,3ЧА
34876.opus,8ТЗ7ШИЯ
34877.opus,0ДЮВ57Э9
34878.opus,З9Щ3Ш
34879.opus,03Б063ЬК6
34880.opus,5Ч АЦЧ8
34881.opus,86 6
34882.opus,5Щ 7В57
34883.opus,5ДМАЪЩШ7
34884.opus,Н7ПУ00СХЛ
34885.opus,ХГЫ5#Ю
34886.opus,Т0Ю ЮГХ
34887.opus,НЭЭЯ0З0О
34888.opus,89ЮЛЭ7
34889.opus,НЗЩЯ Ч 7
34890.opus,ЛЬП6ЬЪ4
34891.opus,7Ю5ТБ0ГХ
34892.opus,0ЛЩ00З
34893.opus,7З18СЗ5
34894.opus,8ЛЩЬНЯ
34895.opus,483АГ3Х6Ю
34896.opus,Ч7ГЭВ
34897.opus,5Ъ73 Э8
34898.opus,ДЖМШ 7804
34899.opus,0ЗС7Ш 9
34900.opus,9ЦБ457
34901.opus,73 ФВЗ#
34902.opus,7ЧШЧ5Р7
34903.opus,ХЮШЗЭЧЪ
34904.opus,8Ь9#0З
34905.opus,А4ЦЗЪЙЩЯ
34906.opus,03ЗКИ83У
34907.opus,8ГХ0И ЩЛ
34908.opus,НР5ВЩЬ2В5ЬИ
34909.opus,Е 7ЧЯЖЧ
34910.opus,5ЖЩЗ
34911.opus,734С1АЗ
34912.opus,83Ю767
34913.opus,79 ЬАЦЯ
34914.opus,И6707К7
34915.opus,4ИЖ 783Ъ2
34916.opus,АЧЪ 77
34917.opus,2СО2БН
34918.opus,6  Л9Ж7
34919.opus,4#7 Й07
34920.opus,7ЧШГФВЧХ
34921.opus,8 ЭИЪ282
34922.opus,Ш7Ы00Э
34923.opus,16ЦЗ3 Л
34924.opus,РЙ262ЗГ
34925.opus,5ЬТ323
34926.opus,1Д0ЪСМЮ
34927.opus,40М0Э2
34928.opus,86Ю ЛФАН
34929.opus,Н8П 2П75
34930.opus,О9И ЩД4Д
34931.opus,Щ929
34932.opus,1З2ЛА7А
34933.opus,Б 77ЗЭП7ХНЮ
34934.opus,НШИ0ЧФ
34935.opus,4Т171
34936.opus,4И9 А29
34937.opus,ФЯЦЗ7Т
34938.opus,1ФЖИЮ9
34939.opus,ЖИ ЯЯ7Т
34940.opus,8ЭГС83
34941.opus,49РДЩ9А
34942.opus,33В5#5Й
34943.opus,93263Р7
34944.opus,7ЯЗУ8
34945.opus,Ш7ЛРИИЧЭ
34946.opus,12ЯБ7
34947.opus,164Ь3Г
34948.opus,ЯЭШАЬЯЗ
34949.opus,0ШЖЗХ8
34950.opus,8816 
34951.opus,ЛПЯ3ДЧ2
34952.opus,ЙШФ06
34953.opus,9ЦОТЯ
34954.opus,16ЩЭ АЗ
34955.opus,781Ъ З
34956.opus,0А ХЭЧЛ
34957.opus,8З7Я9ЪЛ
34958.opus,С08Ь56
34959.opus,7З8ЧЛ Г
34960.opus,АШ09СЗВ
34961.opus,4Ц8Я09
34962.opus,53 Д756
34963.opus,ОЖД07Т6 9
34964.opus,59И1Ф
34965.opus,ПКЦ6ЯЬК0
34966.opus,15ЩНР1ЛЪ
34967.opus,1ТЗЗЭЮМ
34968.opus,НЮИ0 ГТ
34969.opus,456Б7ЖК2
34970.opus,Р7П23
34971.opus,752ХЖПЗИ
34972.opus,1ИЗЩ77Ш
34973.opus,52И ОЧ
34974.opus,90А5
34975.opus,ЙШОЩЗ9#
34976.opus,38 0ШЛЫ
34977.opus,1ЧЪЩДЖ7
34978.opus,71ИДСА#Ю 
34979.opus,ОИ3ИШУ
34980.opus,А7Ц3Ь6Ш
34981.opus,РЗ Е567
34982.opus,78567 8 
34983.opus,556ИАЪ3
34984.opus,ЗГЕС#Т С0 СА8Е0
34985.opus,7 Щ9ШЩИ ШЭ#ЩЧ 10 30#Ы БШЬ Е2
34986.opus, Й09 П20З000 4Ш
34987.opus,8 ЛЧ 99Э5 ЩК82 ЯЭ205Ъ ХЖФ2 #Х4 
34988.opus,10 Л050Ю З
34989.opus,000 900Ч29
34990.opus,72М0 29Ч1000Ч 0#741З4Щ2 065 Г 3#0С0
34991.opus,0 15 1959 9ЧЗ9
34992.opus,4 Р Э0 774173 7 ПЕ#79Э9 ЛЯМЕ39 3Ю4 8Е5
34993.opus,10 58 703 ЯЖ 7 Й Щ0 Ь 2#ЧЕ 5ХЗФ9
34994.opus,0 200808 809#9З 8808#9
34995.opus,080 20#0  99 09 Ъ 0
34996.opus,8Э7Ж # #Ч 100 0Г 0РЛУЗ 0З807 
34997.opus,00 080Ч958 20039
34998.opus,00 7 000Ж ЙУ809 49 5
34999.opus,0 100 20 108 03Ч
35000.opus,ЮЬИЧ#М105Л 
